min_temperature,total_precipitation,mean_temperature,max_temperature,snow_on_ground,date
-1.0,6.8,0.7,2.5,0.0,2021-01-01
-0.9,10.8,0.7,2.2,0.0,2021-02-01
0.2,1.7,1.1,2.1,0.0,2021-03-01
-0.1,0.0,0.8,1.7,0.0,2021-04-01
0.6,0.4,1.1,1.6,0.0,2021-05-01
-0.3,0.0,0.9,2.1,0.0,2021-06-01
-4.8,0.0,-2.0,0.8,0.0,2021-07-01
-8.3,0.0,-4.8,-1.3,0.0,2021-08-01
-2.4,0.0,0.8,4.1,0.0,2021-09-01
-2.0,0.0,0.1,2.1,0.0,2021-10-01
-3.1,0.0,-1.0,1.2,0.0,2021-11-01
-1.1,0.3,-0.5,0.0,0.0,2021-12-01
-0.5,0.0,1.5,3.6,0.0,2021-01-13
1.7,0.0,3.4,5.2,0.0,2021-01-14
2.7,2.9,4.2,5.6,0.0,2021-01-15
-0.3,0.0,2.3,5.0,0.0,2021-01-16
-0.6,0.2,2.3,5.1,0.0,2021-01-17
-2.3,0.0,-0.5,1.2,0.0,2021-01-18
-2.2,0.0,0.0,2.2,0.0,2021-01-19
-7.1,0.0,-4.0,-0.8,0.0,2021-01-20
-0.8,0.1,1.6,4.0,0.0,2021-01-21
-6.4,0.3,-1.9,2.6,0.0,2021-01-22
-10.6,0.0,-7.3,-4.0,0.0,2021-01-23
-6.2,0.0,-4.0,-1.8,0.0,2021-01-24
-2.1,0.0,0.1,2.3,0.0,2021-01-25
-3.9,8.7,-1.5,0.9,0.0,2021-01-26
-8.3,0.0,-5.4,-2.5,6.0,2021-01-27
-12.1,0.0,-9.4,-6.7,4.0,2021-01-28
-12.2,0.0,-9.4,-6.6,4.0,2021-01-29
-10.5,0.0,-6.3,-2.0,4.0,2021-01-30
-8.8,0.0,-6.5,-4.2,4.0,2021-01-31
-9.6,0.0,-5.8,-2.0,4.0,2021-01-02
-7.7,0.0,-3.9,0.0,3.0,2021-02-02
-5.9,0.0,-2.5,1.0,3.0,2021-03-02
-3.9,0.9,0.1,4.0,3.0,2021-04-02
-6.6,2.3,-1.7,3.1,2.0,2021-05-02
-8.1,0.0,-6.6,-5.1,2.0,2021-06-02
-11.6,0.8,-8.4,-5.2,4.0,2021-07-02
-11.7,0.2,-8.7,-5.7,3.0,2021-08-02
-8.8,0.3,-5.6,-2.4,4.0,2021-09-02
-10.1,0.0,-7.2,-4.2,3.0,2021-10-02
-9.8,0.0,-6.3,-2.8,3.0,2021-11-02
-13.5,0.3,-10.8,-8.1,2.0,2021-12-02
-11.8,1.6,-10.2,-8.6,4.0,2021-02-13
-11.2,0.0,-7.1,-3.0,8.0,2021-02-14
-8.4,5.4,-5.6,-2.8,6.0,2021-02-15
-12.0,5.5,-9.2,-6.4,16.0,2021-02-16
-12.7,0.0,-7.6,-2.5,14.0,2021-02-17
-6.2,3.7,-4.4,-2.6,13.0,2021-02-18
-5.6,2.4,-3.6,-1.7,19.0,2021-02-19
-7.3,0.0,-4.1,-0.9,20.0,2021-02-20
-8.5,0.0,-4.2,0.1,18.0,2021-02-21
-0.3,7.7,1.6,3.5,20.0,2021-02-22
0.2,0.5,2.7,5.3,16.0,2021-02-23
0.7,0.0,4.9,9.1,14.0,2021-02-24
-2.6,0.0,-0.2,2.2,9.0,2021-02-25
-3.8,0.0,-0.3,3.3,8.0,2021-02-26
1.0,6.5,3.7,6.4,7.0,2021-02-27
0.8,1.3,4.1,7.3,6.0,2021-02-28
-9.6,0.0,-1.5,6.5,1.0,2021-01-03
-12.8,0.0,-5.9,1.0,1.0,2021-02-03
-0.7,0.0,3.6,8.0,0.0,2021-03-03
-7.0,0.0,-2.6,1.8,0.0,2021-04-03
-8.8,0.0,-3.6,1.7,0.0,2021-05-03
-6.6,0.0,-3.8,-0.9,0.0,2021-06-03
-7.8,0.0,-3.9,0.0,0.0,2021-07-03
-6.4,0.0,1.5,9.4,0.0,2021-08-03
1.2,0.0,6.0,10.7,0.0,2021-09-03
3.2,0.0,8.7,14.1,0.0,2021-10-03
6.8,2.1,12.8,18.8,0.0,2021-11-03
-3.3,0.0,4.6,12.4,0.0,2021-12-03
-5.1,0.0,0.5,6.1,0.0,2021-03-13
-4.7,0.0,-0.5,3.8,0.0,2021-03-14
-7.8,0.0,-4.2,-0.6,0.0,2021-03-15
-1.2,0.0,0.8,2.8,0.0,2021-03-16
2.0,0.0,5.4,8.7,0.0,2021-03-17
-1.1,0.4,3.5,8.0,0.0,2021-03-18
-4.2,0.0,-0.4,3.5,0.0,2021-03-19
-0.3,0.0,6.3,13.0,0.0,2021-03-20
2.3,0.0,8.9,15.6,0.0,2021-03-21
3.5,0.0,9.8,16.1,0.0,2021-03-22
6.1,0.0,10.6,15.1,0.0,2021-03-23
7.9,0.8,11.4,14.9,0.0,2021-03-24
8.5,1.0,14.1,19.6,0.0,2021-03-25
4.0,28.4,7.1,10.3,0.0,2021-03-26
4.2,0.0,5.8,7.5,0.0,2021-03-27
2.8,9.5,6.5,10.2,0.0,2021-03-28
0.2,0.0,3.7,7.3,0.0,2021-03-29
2.6,0.0,10.5,18.4,0.0,2021-03-30
1.1,0.0,7.9,14.7,0.0,2021-03-31
-1.7,0.0,0.7,3.1,0.0,2021-01-04
-3.5,0.0,0.7,4.9,0.0,2021-02-04
-1.9,0.3,3.5,8.9,0.0,2021-03-04
1.5,0.0,6.9,12.3,0.0,2021-04-04
7.0,0.0,9.8,12.6,0.0,2021-05-04
7.5,0.1,10.2,12.9,0.0,2021-06-04
8.0,0.0,11.8,15.7,0.0,2021-07-04
10.4,0.0,14.9,19.4,0.0,2021-08-04
12.5,0.8,14.7,16.9,0.0,2021-09-04
11.3,0.0,15.2,19.1,0.0,2021-10-04
10.2,16.3,13.3,16.5,0.0,2021-11-04
6.7,7.0,8.8,10.9,0.0,2021-12-04
7.1,0.0,10.6,14.1,0.0,2021-04-13
5.4,0.4,10.4,15.4,0.0,2021-04-14
5.1,0.8,7.0,8.8,0.0,2021-04-15
5.1,0.4,8.0,10.8,0.0,2021-04-16
3.9,0.0,8.0,12.1,0.0,2021-04-17
4.2,0.0,8.9,13.6,0.0,2021-04-18
4.9,0.7,10.6,16.3,0.0,2021-04-19
-0.4,1.2,3.1,6.6,0.0,2021-04-20
-1.4,4.0,1.5,4.3,0.0,2021-04-21
-0.7,0.0,2.6,5.9,0.0,2021-04-22
0.8,0.0,9.9,19.0,0.0,2021-04-23
7.9,0.0,12.3,16.8,0.0,2021-04-24
1.7,0.8,7.2,12.6,0.0,2021-04-25
0.2,1.4,4.2,8.2,0.0,2021-04-26
5.5,4.3,8.5,11.4,0.0,2021-04-27
8.3,7.0,12.5,16.7,0.0,2021-04-28
8.1,9.0,9.5,10.8,0.0,2021-04-29
4.8,0.0,7.3,9.7,0.0,2021-04-30
2.0,0.0,7.4,12.7,0.0,2021-01-05
9.0,0.1,13.0,17.0,0.0,2021-02-05
7.7,2.4,10.5,13.3,0.0,2021-03-05
7.2,1.5,9.4,11.7,0.0,2021-04-05
6.1,0.0,9.6,13.1,0.0,2021-05-05
4.6,0.0,8.7,12.8,0.0,2021-06-05
5.1,0.1,7.6,10.1,0.0,2021-07-05
4.4,0.5,9.4,14.5,0.0,2021-08-05
4.2,0.0,8.2,12.3,0.0,2021-09-05
3.7,0.0,9.4,15.2,0.0,2021-10-05
3.6,0.0,8.1,12.6,0.0,2021-11-05
6.3,0.0,12.2,18.0,0.0,2021-12-05
8.9,0.0,14.1,19.3,0.0,2021-05-13
8.5,0.0,14.9,21.4,0.0,2021-05-14
9.2,0.0,15.7,22.2,0.0,2021-05-15
11.7,0.0,17.2,22.7,0.0,2021-05-16
11.1,0.0,17.4,23.7,0.0,2021-05-17
13.3,0.0,19.9,26.6,0.0,2021-05-18
15.4,0.0,21.7,28.0,0.0,2021-05-19
18.0,0.0,24.1,30.2,0.0,2021-05-20
18.4,0.0,24.5,30.7,0.0,2021-05-21
20.4,0.2,24.2,28.0,0.0,2021-05-22
15.5,0.0,20.4,25.3,0.0,2021-05-23
13.0,0.0,16.9,20.9,0.0,2021-05-24
15.1,0.0,22.9,30.8,0.0,2021-05-25
11.7,2.4,18.7,25.6,0.0,2021-05-26
9.4,0.0,13.8,18.2,0.0,2021-05-27
3.1,13.5,7.1,11.1,0.0,2021-05-28
5.2,0.0,10.3,15.5,0.0,2021-05-29
8.4,0.0,13.5,18.7,0.0,2021-05-30
8.4,0.0,15.0,21.6,0.0,2021-05-31
14.6,0.0,19.7,24.8,0.0,2021-01-06
13.4,5.5,19.2,25.0,0.0,2021-02-06
14.8,3.3,18.1,21.4,0.0,2021-03-06
15.0,0.0,20.1,25.3,0.0,2021-04-06
17.8,0.0,25.1,32.4,0.0,2021-05-06
18.9,0.0,24.7,30.5,0.0,2021-06-06
19.1,0.0,24.4,29.6,0.0,2021-07-06
20.0,5.0,23.2,26.3,0.0,2021-08-06
20.6,0.0,24.7,28.8,0.0,2021-09-06
18.6,0.0,21.2,23.7,0.0,2021-10-06
17.7,0.0,20.7,23.6,0.0,2021-11-06
17.4,0.0,21.3,25.2,0.0,2021-12-06
16.7,4.3,21.8,26.9,0.0,2021-06-13
16.1,2.5,19.2,22.3,0.0,2021-06-14
15.5,0.0,19.2,22.9,0.0,2021-06-15
12.3,0.0,17.4,22.4,0.0,2021-06-16
11.1,0.0,17.6,24.1,0.0,2021-06-17
16.9,8.2,20.1,23.3,0.0,2021-06-18
17.0,3.2,23.9,30.8,0.0,2021-06-19
15.7,0.0,21.1,26.4,0.0,2021-06-20
12.7,5.4,20.8,28.9,0.0,2021-06-21
11.1,0.0,15.5,19.8,0.0,2021-06-22
10.6,0.0,16.8,22.9,0.0,2021-06-23
16.4,0.0,21.7,27.0,0.0,2021-06-24
18.6,12.7,21.5,24.4,0.0,2021-06-25
18.6,4.6,22.3,26.0,0.0,2021-06-26
20.7,0.0,24.9,29.1,0.0,2021-06-27
21.9,0.0,27.2,32.6,0.0,2021-06-28
20.5,25.0,25.3,30.1,0.0,2021-06-29
20.1,0.1,24.4,28.7,0.0,2021-06-30
17.6,0.0,21.6,25.5,0.0,2021-01-07
16.6,5.1,20.7,24.7,0.0,2021-02-07
15.4,0.0,20.0,24.6,0.0,2021-03-07
17.4,0.0,20.7,24.0,0.0,2021-04-07
18.9,0.1,24.1,29.3,0.0,2021-05-07
24.1,0.0,28.6,33.2,0.0,2021-06-07
16.3,5.6,20.7,25.1,0.0,2021-07-07
15.5,26.8,17.2,18.9,0.0,2021-08-07
17.0,1.3,18.6,20.1,0.0,2021-09-07
14.6,0.0,19.5,24.4,0.0,2021-10-07
18.1,0.9,19.5,20.9,0.0,2021-11-07
19.7,0.0,21.9,24.2,0.0,2021-12-07
20.5,6.3,23.6,26.7,0.0,2021-07-13
20.4,0.0,24.5,28.5,0.0,2021-07-14
19.8,9.2,24.0,28.3,0.0,2021-07-15
18.5,0.0,21.3,24.1,0.0,2021-07-16
18.9,4.3,20.3,21.6,0.0,2021-07-17
19.2,0.0,24.3,29.4,0.0,2021-07-18
20.4,0.0,25.2,30.0,0.0,2021-07-19
20.4,0.0,25.2,30.0,0.0,2021-07-20
16.3,0.0,21.0,25.7,0.0,2021-07-21
15.8,0.0,20.7,25.6,0.0,2021-07-22
15.5,0.0,20.5,25.5,0.0,2021-07-23
18.0,21.1,20.7,23.4,0.0,2021-07-24
18.0,0.0,24.3,30.6,0.0,2021-07-25
18.4,0.0,24.1,29.7,0.0,2021-07-26
18.7,9.0,21.7,24.7,0.0,2021-07-27
18.7,0.0,21.2,23.6,0.0,2021-07-28
19.0,12.1,22.3,25.6,0.0,2021-07-29
14.0,0.0,17.6,21.2,0.0,2021-07-30
12.9,0.1,16.8,20.7,0.0,2021-07-31
15.7,0.3,18.9,22.0,0.0,2021-01-08
14.3,0.0,19.3,24.2,0.0,2021-02-08
14.4,0.0,20.4,26.4,0.0,2021-03-08
16.6,0.0,22.0,27.3,0.0,2021-04-08
17.5,0.0,22.7,28.0,0.0,2021-05-08
18.6,0.0,23.6,28.6,0.0,2021-06-08
20.6,1.1,24.1,27.6,0.0,2021-07-08
20.7,0.0,24.1,27.4,0.0,2021-08-08
22.4,0.0,27.0,31.6,0.0,2021-09-08
23.7,0.5,25.7,27.6,0.0,2021-10-08
22.8,0.6,27.2,31.6,0.0,2021-11-08
22.2,0.9,25.9,29.6,0.0,2021-12-08
20.9,0.0,24.9,28.8,0.0,2021-08-13
16.6,0.0,21.6,26.5,0.0,2021-08-14
14.7,0.0,19.2,23.7,0.0,2021-08-15
17.0,0.0,20.5,24.0,0.0,2021-08-16
21.6,0.0,24.8,28.0,0.0,2021-08-17
21.4,0.8,24.4,27.4,0.0,2021-08-18
20.6,0.0,25.7,30.8,0.0,2021-08-19
19.2,0.0,24.5,29.8,0.0,2021-08-20
23.1,0.0,26.2,29.3,0.0,2021-08-21
21.6,0.0,25.8,29.9,0.0,2021-08-22
22.0,0.0,27.2,32.3,0.0,2021-08-23
20.0,0.0,25.5,31.1,0.0,2021-08-24
22.9,0.0,26.5,30.0,0.0,2021-08-25
22.7,0.4,27.7,32.7,0.0,2021-08-26
21.9,0.0,24.4,26.8,0.0,2021-08-27
20.1,4.4,23.6,27.2,0.0,2021-08-28
22.0,2.6,26.4,30.8,0.0,2021-08-29
20.0,0.0,25.1,30.2,0.0,2021-08-30
18.1,0.0,22.5,26.9,0.0,2021-08-31
17.3,0.0,21.2,25.1,0.0,2021-01-09
13.0,0.0,17.7,22.4,0.0,2021-02-09
13.0,0.0,17.8,22.6,0.0,2021-03-09
14.0,2.9,19.5,25.0,0.0,2021-04-09
18.2,2.3,23.0,27.8,0.0,2021-05-09
14.4,3.5,19.2,24.0,0.0,2021-06-09
13.6,21.8,19.5,25.3,0.0,2021-07-09
16.3,19.0,21.4,26.5,0.0,2021-08-09
14.8,0.2,18.5,22.2,0.0,2021-09-09
12.5,0.0,17.9,23.3,0.0,2021-10-09
14.0,0.0,19.8,25.7,0.0,2021-11-09
15.6,2.3,19.9,24.2,0.0,2021-12-09
13.3,0.0,17.9,22.4,0.0,2021-09-13
16.2,16.9,20.6,25.0,0.0,2021-09-14
16.7,0.0,19.7,22.7,0.0,2021-09-15
15.9,0.0,19.4,22.9,0.0,2021-09-16
16.6,0.0,21.4,26.2,0.0,2021-09-17
14.3,0.0,19.7,25.1,0.0,2021-09-18
14.1,0.0,17.6,21.1,0.0,2021-09-19
14.7,0.0,19.0,23.3,0.0,2021-09-20
19.3,6.2,22.4,25.5,0.0,2021-09-21
13.0,49.9,16.5,19.9,0.0,2021-09-22
13.2,4.2,16.0,18.7,0.0,2021-09-23
11.8,0.4,14.6,17.3,0.0,2021-09-24
11.0,3.4,16.0,21.0,0.0,2021-09-25
9.0,3.3,14.7,20.5,0.0,2021-09-26
14.3,2.3,19.5,24.7,0.0,2021-09-27
10.8,0.0,14.1,17.4,0.0,2021-09-28
10.5,0.0,15.6,20.8,0.0,2021-09-29
9.9,0.0,12.9,15.9,0.0,2021-09-30
10.1,0.0,14.3,18.6,0.0,2021-01-10
13.5,0.1,19.0,24.4,0.0,2021-02-10
15.3,22.8,17.4,19.4,0.0,2021-03-10
14.6,4.2,15.4,16.2,0.0,2021-04-10
14.8,0.0,16.7,18.5,0.0,2021-05-10
15.1,0.0,16.5,18.0,0.0,2021-06-10
16.0,0.0,17.8,19.7,0.0,2021-07-10
16.1,0.0,17.9,19.8,0.0,2021-08-10
17.4,7.1,18.7,19.9,0.0,2021-09-10
16.6,8.4,18.6,20.5,0.0,2021-10-10
17.0,0.0,19.6,22.1,0.0,2021-11-10
16.8,0.0,19.5,22.1,0.0,2021-12-10
16.0,0.0,18.8,21.6,0.0,2021-10-13
14.8,1.4,18.2,21.6,0.0,2021-10-14
14.8,20.4,17.3,19.8,0.0,2021-10-15
10.3,1.8,12.9,15.4,0.0,2021-10-16
9.4,0.2,12.3,15.2,0.0,2021-10-17
6.3,0.0,9.9,13.4,0.0,2021-10-18
5.9,0.0,13.5,21.1,0.0,2021-10-19
11.9,0.8,15.0,18.2,0.0,2021-10-20
9.4,2.6,13.3,17.2,0.0,2021-10-21
5.1,0.0,7.3,9.5,0.0,2021-10-22
4.6,0.0,7.3,10.0,0.0,2021-10-23
5.3,1.8,9.2,13.1,0.0,2021-10-24
5.4,18.8,7.4,9.5,0.0,2021-10-25
5.3,6.7,7.4,9.5,0.0,2021-10-26
9.0,0.0,12.8,16.7,0.0,2021-10-27
7.6,0.0,9.2,10.8,0.0,2021-10-28
9.1,15.2,11.2,13.3,0.0,2021-10-29
8.4,18.6,9.2,10.1,0.0,2021-10-30
8.1,0.0,11.7,15.3,0.0,2021-10-31
8.1,0.0,11.7,15.3,0.0,2021-01-11
2.8,0.1,6.0,9.2,0.0,2021-02-11
1.4,0.0,4.6,7.9,0.0,2021-03-11
1.3,0.0,5.1,8.8,0.0,2021-04-11
0.0,0.0,5.0,10.0,0.0,2021-05-11
2.0,0.0,6.8,11.6,0.0,2021-06-11
4.4,0.0,10.3,16.2,0.0,2021-07-11
6.0,0.0,11.6,17.3,0.0,2021-08-11
8.4,2.4,11.7,14.9,0.0,2021-09-11
4.1,0.0,8.7,13.2,0.0,2021-10-11
7.0,0.4,10.0,13.0,0.0,2021-11-11
6.4,3.0,9.8,13.1,0.0,2021-12-11
4.0,0.0,5.9,7.8,0.0,2021-11-13
2.0,9.4,3.8,5.6,0.0,2021-11-14
1.3,0.7,3.6,5.9,0.0,2021-11-15
1.3,0.7,3.6,5.9,0.0,2021-11-16
3.6,0.9,9.8,16.1,0.0,2021-11-17
2.4,0.2,8.5,14.5,1.0,2021-11-18
1.6,0.0,4.0,6.4,1.0,2021-11-19
1.5,0.3,4.2,6.8,1.0,2021-11-20
2.5,3.4,5.6,8.6,0.0,2021-11-21
-0.9,0.0,2.0,4.9,0.0,2021-11-22
-1.9,0.0,1.0,4.0,0.0,2021-11-23
-1.1,0.3,3.5,8.0,0.0,2021-11-24
4.8,9.0,6.2,7.6,1.0,2021-11-25
-1.8,0.0,1.5,4.8,1.0,2021-11-26
-3.2,0.0,-0.8,1.5,1.0,2021-11-27
-2.8,7.8,-1.4,-0.1,1.0,2021-11-28
-4.6,1.3,-1.8,1.1,9.0,2021-11-29
-2.1,1.6,0.8,3.7,6.0,2021-11-30
1.7,0.0,3.8,5.8,3.0,2021-01-12
2.5,0.7,6.7,10.8,0.0,2021-02-12
0.5,0.0,1.5,2.6,1.0,2021-03-12
0.7,0.0,3.1,5.5,0.0,2021-04-12
-0.2,14.7,2.3,4.8,0.0,2021-05-12
-0.9,2.5,4.7,10.3,1.0,2021-06-12
-5.0,0.0,-2.9,-0.7,0.0,2021-07-12
-5.2,2.0,-3.1,-1.0,0.0,2021-08-12
-4.3,1.6,-1.1,2.2,2.0,2021-09-12
2.2,0.0,4.2,6.3,1.0,2021-10-12
2.7,16.4,9.3,16.0,0.0,2021-11-12
0.7,0.3,4.0,7.2,0.0,2021-12-12
3.8,0.0,6.8,9.8,0.0,2021-12-13
2.3,0.0,4.3,6.3,0.0,2021-12-14
4.2,1.0,8.1,11.9,0.0,2021-12-15
5.5,0.0,10.3,15.2,0.0,2021-12-16
0.8,0.0,3.3,5.9,0.0,2021-12-17
-2.9,8.2,-0.8,1.4,0.0,2021-12-18
-5.3,0.0,-3.9,-2.5,7.0,2021-12-19
-5.3,0.0,-0.6,4.2,5.0,2021-12-20
0.4,0.0,2.5,4.7,4.0,2021-12-21
-3.3,0.4,0.7,4.6,2.0,2021-12-22
-4.9,4.1,-2.4,0.1,2.0,2021-12-23
-0.1,0.3,1.9,3.8,5.0,2021-12-24
3.3,4.8,5.4,7.4,0.0,2021-12-25
-4.9,0.0,-0.2,4.4,1.0,2021-12-26
-5.3,1.9,-2.0,1.3,0.0,2021-12-27
-0.1,0.3,1.5,3.1,3.0,2021-12-28
0.7,0.1,2.0,3.3,1.0,2021-12-29
1.7,0.0,2.6,3.5,0.0,2021-12-30
2.7,0.0,4.9,7.1,1.0,2021-12-31
-2.1,2.4,1.5,5.1,0.0,2022-01-01
-10.5,2.0,-6.3,-2.1,3.0,2022-02-01
-12.9,0.0,-8.4,-4.0,3.0,2022-03-01
-5.7,0.0,-1.2,3.3,3.0,2022-04-01
-4.5,0.3,0.2,4.9,3.0,2022-05-01
-6.3,0.0,-3.9,-1.5,0.0,2022-06-01
-11.6,0.0,-8.1,-4.5,1.0,2022-07-01
-12.6,0.5,-5.4,1.9,0.0,2022-08-01
-6.6,0.2,-1.1,4.3,0.0,2022-09-01
-17.4,0.1,-11.8,-6.2,0.0,2022-10-01
-20.0,0.0,-10.8,-1.7,0.0,2022-11-01
-1.7,0.0,0.3,2.4,0.0,2022-12-01
-0.8,0.0,0.6,2.0,0.0,2022-01-13
-18.1,0.0,-9.2,-0.3,0.0,2022-01-14
-20.4,0.0,-16.5,-12.6,0.0,2022-01-15
-13.4,3.1,-6.6,0.3,0.0,2022-01-16
-5.0,36.2,-3.6,-2.3,25.0,2022-01-17
-10.1,0.8,-5.0,0.2,32.0,2022-01-18
-7.3,0.0,-1.4,4.6,30.0,2022-01-19
-16.4,0.0,-11.9,-7.3,24.0,2022-01-20
-17.7,0.1,-13.3,-8.9,23.0,2022-01-21
-12.4,0.0,-8.1,-3.8,22.0,2022-01-22
-14.5,0.1,-9.3,-4.1,20.0,2022-01-23
-14.7,4.7,-9.2,-3.8,20.0,2022-01-24
-12.3,0.0,-8.9,-5.4,24.0,2022-01-25
-14.0,0.1,-11.3,-8.6,24.0,2022-01-26
-9.0,0.0,-6.0,-3.1,20.0,2022-01-27
-16.2,0.0,-9.7,-3.2,21.0,2022-01-28
-18.6,0.0,-14.2,-9.8,21.0,2022-01-29
-12.3,0.0,-8.2,-4.2,21.0,2022-01-30
-5.7,0.0,-3.2,-0.7,20.0,2022-01-31
-2.4,0.0,1.4,5.3,20.0,2022-01-02
-2.6,12.6,1.1,4.8,18.0,2022-02-02
-9.6,3.5,-5.9,-2.1,19.0,2022-03-02
-12.1,0.7,-10.3,-8.5,21.0,2022-04-02
-13.8,0.0,-10.0,-6.3,21.0,2022-05-02
-6.3,0.0,-3.1,0.2,21.0,2022-06-02
-1.0,0.0,1.1,3.3,20.0,2022-07-02
-3.9,0.0,-1.5,1.0,19.0,2022-08-02
-2.7,0.0,1.4,5.4,18.0,2022-09-02
0.3,0.0,1.9,3.6,17.0,2022-10-02
-0.1,3.5,2.0,4.1,17.0,2022-11-02
-12.7,0.6,-4.7,3.2,14.0,2022-12-02
-15.6,0.0,-12.0,-8.3,14.0,2022-02-13
-15.3,0.0,-12.1,-8.9,14.0,2022-02-14
-9.6,0.0,-6.0,-2.5,14.0,2022-02-15
-2.9,0.2,3.0,8.9,14.0,2022-02-16
-4.3,35.8,1.9,8.0,4.0,2022-02-17
-10.3,2.3,-6.6,-2.9,17.0,2022-02-18
-9.1,1.5,-5.2,-1.3,16.0,2022-02-19
-8.1,0.0,-0.3,7.5,13.0,2022-02-20
0.0,0.0,3.4,6.7,10.0,2022-02-21
-0.1,9.4,4.4,9.0,6.0,2022-02-22
-9.4,0.0,0.0,9.4,2.0,2022-02-23
-10.6,0.0,-8.0,-5.4,2.0,2022-02-24
-9.9,4.0,-7.4,-4.9,4.0,2022-02-25
-10.5,0.0,-6.0,-1.4,6.0,2022-02-26
-7.2,0.0,-2.8,1.5,6.0,2022-02-27
-11.1,0.0,-6.9,-2.7,5.0,2022-02-28
-2.7,0.0,1.7,6.0,6.0,2022-01-03
-4.0,0.5,-0.1,3.8,4.0,2022-02-03
-9.1,0.0,-6.5,-4.0,3.0,2022-03-03
-8.4,0.0,-3.3,1.8,3.0,2022-04-03
-1.8,0.0,1.0,3.7,3.0,2022-05-03
3.2,1.9,10.2,17.3,1.0,2022-06-03
-0.5,5.4,1.8,4.2,1.0,2022-07-03
-2.0,0.0,0.9,3.7,1.0,2022-08-03
-0.2,0.0,2.1,4.4,1.0,2022-09-03
-1.2,0.0,1.4,3.9,1.0,2022-10-03
-2.5,4.1,-1.0,0.4,1.0,2022-11-03
-7.9,0.2,-4.8,-1.8,2.0,2022-12-03
-8.9,0.4,-4.0,0.8,2.0,2022-03-13
-2.4,0.0,2.3,7.0,2.0,2022-03-14
0.9,10.8,2.0,3.0,1.0,2022-03-15
0.2,0.0,1.9,3.5,0.0,2022-03-16
0.8,0.0,8.5,16.1,1.0,2022-03-17
8.6,0.1,12.2,15.8,0.0,2022-03-18
4.6,6.3,6.7,8.8,0.0,2022-03-19
3.0,0.7,7.6,12.3,0.0,2022-03-20
1.8,0.0,8.2,14.5,0.0,2022-03-21
0.4,0.0,2.8,5.2,0.0,2022-03-22
1.4,19.5,2.6,3.8,0.0,2022-03-23
3.5,0.0,7.2,10.8,0.0,2022-03-24
3.7,0.0,5.2,6.7,1.0,2022-03-25
0.0,1.7,3.9,7.9,1.0,2022-03-26
-7.3,1.0,-3.7,0.0,0.0,2022-03-27
-10.1,0.0,-7.4,-4.7,0.0,2022-03-28
-6.8,0.0,-2.1,2.7,1.0,2022-03-29
-1.9,3.0,1.9,5.7,0.0,2022-03-30
4.4,0.3,10.4,16.5,0.0,2022-03-31
-0.5,1.7,1.9,4.4,0.0,2022-01-04
-1.2,0.0,2.3,5.8,0.0,2022-02-04
1.3,0.0,4.4,7.6,0.0,2022-03-04
-0.1,0.0,3.9,7.8,0.0,2022-04-04
3.7,0.5,7.5,11.4,0.0,2022-05-04
7.4,5.5,9.3,11.2,0.0,2022-06-04
6.1,1.6,9.6,13.1,0.0,2022-07-04
3.5,1.0,6.7,9.9,0.0,2022-08-04
2.3,0.0,5.4,8.5,0.0,2022-09-04
1.9,0.0,5.6,9.3,0.0,2022-10-04
3.4,0.2,7.1,10.8,0.0,2022-11-04
7.1,0.0,11.4,15.7,0.0,2022-12-04
9.2,3.1,12.9,16.5,0.0,2022-04-13
7.9,0.1,11.2,14.6,0.0,2022-04-14
4.0,0.8,9.0,14.0,0.0,2022-04-15
0.7,0.0,4.2,7.7,0.0,2022-04-16
-0.3,0.0,4.3,8.9,0.0,2022-04-17
0.6,13.6,3.3,5.9,0.0,2022-04-18
2.2,0.9,4.7,7.1,0.0,2022-04-19
2.5,0.0,6.4,10.3,0.0,2022-04-20
5.5,4.3,10.8,16.0,0.0,2022-04-21
4.6,0.0,8.2,11.7,0.0,2022-04-22
6.6,0.1,8.1,9.7,0.0,2022-04-23
7.6,0.0,11.1,14.7,0.0,2022-04-24
10.3,8.9,14.8,19.2,0.0,2022-04-25
2.4,2.5,7.2,11.9,0.0,2022-04-26
0.4,0.0,2.8,5.2,0.0,2022-04-27
-0.5,0.0,5.2,10.8,0.0,2022-04-28
1.8,0.0,7.1,12.3,0.0,2022-04-29
6.6,0.0,9.9,13.1,0.0,2022-04-30
6.9,1.4,9.1,11.2,0.0,2022-01-05
8.5,0.0,11.0,13.6,0.0,2022-02-05
8.8,12.8,10.9,13.1,0.0,2022-03-05
9.6,4.3,13.2,16.8,0.0,2022-04-05
8.0,0.0,11.3,14.7,0.0,2022-05-05
9.8,0.0,12.8,15.7,0.0,2022-06-05
7.9,0.0,10.5,13.1,0.0,2022-07-05
8.6,0.0,12.4,16.1,0.0,2022-08-05
10.2,0.0,14.9,19.6,0.0,2022-09-05
11.5,0.0,16.0,20.5,0.0,2022-10-05
13.0,0.0,18.2,23.3,0.0,2022-11-05
14.3,0.0,19.2,24.1,0.0,2022-12-05
14.2,0.0,20.6,26.9,0.0,2022-05-13
16.6,0.0,21.8,27.0,0.0,2022-05-14
15.5,0.0,22.3,29.1,0.0,2022-05-15
12.2,3.5,16.5,20.7,0.0,2022-05-16
8.1,0.0,12.8,17.5,0.0,2022-05-17
7.2,0.0,10.9,14.6,0.0,2022-05-18
9.4,1.3,14.7,20.0,0.0,2022-05-19
11.6,0.0,17.6,23.5,0.0,2022-05-20
16.6,1.5,22.0,27.4,0.0,2022-05-21
9.2,0.1,13.8,18.3,0.0,2022-05-22
8.0,0.0,12.1,16.2,0.0,2022-05-23
8.7,0.0,13.8,18.8,0.0,2022-05-24
11.7,0.0,15.4,19.1,0.0,2022-05-25
14.2,0.2,20.1,26.0,0.0,2022-05-26
16.2,3.2,19.2,22.2,0.0,2022-05-27
13.8,0.3,18.1,22.4,0.0,2022-05-28
15.5,0.0,19.9,24.4,0.0,2022-05-29
16.8,0.0,23.2,29.7,0.0,2022-05-30
19.3,0.0,25.7,32.2,0.0,2022-05-31
14.4,4.0,20.1,25.7,0.0,2022-01-06
11.9,0.0,16.5,21.1,0.0,2022-02-06
10.8,0.0,17.1,23.3,0.0,2022-03-06
9.1,0.0,15.4,21.6,0.0,2022-04-06
11.5,0.2,17.6,23.7,0.0,2022-05-06
13.8,7.5,16.8,19.9,0.0,2022-06-06
13.0,31.7,17.0,21.0,0.0,2022-07-06
12.2,2.2,17.3,22.3,0.0,2022-08-06
13.9,5.6,18.1,22.3,0.0,2022-09-06
12.8,0.0,18.3,23.9,0.0,2022-10-06
15.4,0.0,19.5,23.6,0.0,2022-11-06
15.0,2.1,19.4,23.8,0.0,2022-12-06
12.5,0.0,16.9,21.3,0.0,2022-06-13
17.4,0.0,20.8,24.3,0.0,2022-06-14
17.9,0.2,21.6,25.4,0.0,2022-06-15
19.0,0.0,25.7,32.5,0.0,2022-06-16
13.7,0.0,20.6,27.4,0.0,2022-06-17
11.4,0.0,15.5,19.7,0.0,2022-06-18
10.3,0.0,16.6,22.9,0.0,2022-06-19
15.0,0.0,19.1,23.2,0.0,2022-06-20
17.7,0.0,23.6,29.4,0.0,2022-06-21
18.7,0.0,27.2,35.8,0.0,2022-06-22
16.8,0.0,22.5,28.3,0.0,2022-06-23
15.1,0.0,21.5,28.0,0.0,2022-06-24
18.4,0.0,24.0,29.6,0.0,2022-06-25
19.8,4.6,24.1,28.5,0.0,2022-06-26
13.7,0.0,18.0,22.3,0.0,2022-06-27
11.6,0.0,17.3,22.9,0.0,2022-06-28
14.8,2.8,18.6,22.5,0.0,2022-06-29
15.0,0.0,20.4,25.8,0.0,2022-06-30
20.2,0.3,24.2,28.3,0.0,2022-01-07
15.3,0.0,22.4,29.4,0.0,2022-02-07
15.4,0.0,20.6,25.9,0.0,2022-03-07
16.5,0.0,21.2,25.9,0.0,2022-04-07
18.4,5.4,22.7,27.1,0.0,2022-05-07
17.9,0.0,20.4,22.9,0.0,2022-06-07
16.6,0.0,21.1,25.6,0.0,2022-07-07
17.9,0.0,22.5,27.2,0.0,2022-08-07
14.5,0.0,18.8,23.1,0.0,2022-09-07
14.4,0.0,21.0,27.6,0.0,2022-10-07
16.6,0.9,23.1,29.6,0.0,2022-11-07
19.1,1.8,23.5,28.0,0.0,2022-12-07
16.9,0.3,20.5,24.2,0.0,2022-07-13
15.7,0.0,21.0,26.2,0.0,2022-07-14
15.9,0.0,21.3,26.6,0.0,2022-07-15
18.4,0.0,23.8,29.2,0.0,2022-07-16
19.3,0.0,24.1,28.8,0.0,2022-07-17
19.9,27.3,23.6,27.3,0.0,2022-07-18
19.9,0.0,27.6,35.2,0.0,2022-07-19
22.8,0.0,26.5,30.2,0.0,2022-07-20
22.1,0.0,26.6,31.2,0.0,2022-07-21
20.0,0.0,25.6,31.1,0.0,2022-07-22
21.2,0.0,25.8,30.5,0.0,2022-07-23
21.1,22.0,24.5,27.8,0.0,2022-07-24
17.0,0.0,20.3,23.5,0.0,2022-07-25
15.3,0.0,19.9,24.5,0.0,2022-07-26
17.1,0.0,21.7,26.4,0.0,2022-07-27
20.1,0.8,24.5,29.0,0.0,2022-07-28
16.8,0.0,22.6,28.5,0.0,2022-07-29
17.1,0.0,21.3,25.6,0.0,2022-07-30
17.7,0.0,22.6,27.4,0.0,2022-07-31
18.4,0.6,22.8,27.3,0.0,2022-01-08
17.6,0.0,22.3,26.9,0.0,2022-02-08
16.3,0.4,22.4,28.5,0.0,2022-03-08
21.1,16.1,24.3,27.6,0.0,2022-04-08
21.2,0.0,25.2,29.2,0.0,2022-05-08
21.7,0.0,26.1,30.5,0.0,2022-06-08
23.2,0.0,27.3,31.4,0.0,2022-07-08
20.0,1.2,24.3,28.6,0.0,2022-08-08
18.6,0.0,20.7,22.7,0.0,2022-09-08
17.3,0.0,22.0,26.6,0.0,2022-10-08
16.5,0.0,21.6,26.7,0.0,2022-11-08
15.1,0.0,20.9,26.7,0.0,2022-12-08
13.6,0.0,19.4,25.2,0.0,2022-08-13
17.3,0.0,21.4,25.4,0.0,2022-08-14
18.9,0.0,23.0,27.1,0.0,2022-08-15
19.3,0.0,23.5,27.8,0.0,2022-08-16
18.6,0.0,23.1,27.7,0.0,2022-08-17
18.5,0.0,24.0,29.6,0.0,2022-08-18
17.9,0.4,23.2,28.5,0.0,2022-08-19
19.5,0.8,24.8,30.0,0.0,2022-08-20
19.5,10.4,22.8,26.2,0.0,2022-08-21
19.6,28.7,22.2,24.7,0.0,2022-08-22
19.4,0.0,24.3,29.1,0.0,2022-08-23
17.4,0.0,23.1,28.7,0.0,2022-08-24
19.1,2.7,21.7,24.4,0.0,2022-08-25
16.9,0.0,22.0,27.0,0.0,2022-08-26
14.0,0.0,18.6,23.1,0.0,2022-08-27
17.8,0.0,22.9,28.1,0.0,2022-08-28
21.3,0.0,25.4,29.6,0.0,2022-08-29
18.5,3.2,22.1,25.7,0.0,2022-08-30
16.2,0.0,21.7,27.3,0.0,2022-08-31
12.5,0.0,17.3,22.1,0.0,2022-01-09
16.4,0.0,21.8,27.3,0.0,2022-02-09
19.0,0.2,23.9,28.8,0.0,2022-03-09
16.2,0.1,19.1,22.0,0.0,2022-04-09
16.3,0.0,18.6,20.9,0.0,2022-05-09
15.2,0.0,19.3,23.4,0.0,2022-06-09
17.0,0.0,20.5,24.1,0.0,2022-07-09
16.3,0.0,21.1,25.8,0.0,2022-08-09
16.5,0.0,21.9,27.2,0.0,2022-09-09
19.7,0.0,23.1,26.5,0.0,2022-10-09
20.4,0.0,21.9,23.4,0.0,2022-11-09
17.9,5.3,20.9,23.8,0.0,2022-12-09
13.8,0.4,17.4,21.0,0.0,2022-09-13
12.3,0.0,18.8,25.2,0.0,2022-09-14
10.3,0.0,14.4,18.4,0.0,2022-09-15
12.6,0.0,17.6,22.6,0.0,2022-09-16
17.4,0.0,20.4,23.5,0.0,2022-09-17
19.8,3.5,23.5,27.1,0.0,2022-09-18
16.6,4.2,21.9,27.2,0.0,2022-09-19
15.9,0.0,21.0,26.1,0.0,2022-09-20
16.8,0.0,22.0,27.3,0.0,2022-09-21
8.9,0.0,13.7,18.4,0.0,2022-09-22
6.7,0.0,11.5,16.2,0.0,2022-09-23
7.9,0.0,12.8,17.6,0.0,2022-09-24
13.3,39.2,15.6,17.9,0.0,2022-09-25
11.3,3.9,14.4,17.6,0.0,2022-09-26
12.2,4.0,14.7,17.3,0.0,2022-09-27
10.1,0.0,12.1,14.1,0.0,2022-09-28
8.9,0.0,11.8,14.7,0.0,2022-09-29
8.0,0.0,12.6,17.3,0.0,2022-09-30
10.3,0.0,14.8,19.3,0.0,2022-01-10
7.6,0.0,11.8,15.9,0.0,2022-02-10
6.7,0.0,10.6,14.5,0.0,2022-03-10
7.1,0.0,12.8,18.4,0.0,2022-04-10
10.2,0.0,15.4,20.7,0.0,2022-05-10
13.8,0.2,17.6,21.4,0.0,2022-06-10
4.4,0.3,9.8,15.1,0.0,2022-07-10
3.6,0.0,7.5,11.3,0.0,2022-08-10
7.7,0.0,11.4,15.2,0.0,2022-09-10
7.7,0.0,10.9,14.1,0.0,2022-10-10
6.8,0.0,14.1,21.4,0.0,2022-11-10
14.5,3.4,17.0,19.5,0.0,2022-12-10
7.7,11.0,11.6,15.5,0.0,2022-10-13
7.4,0.5,10.5,13.6,0.0,2022-10-14
7.3,1.5,10.8,14.4,0.0,2022-10-15
6.2,0.0,10.5,14.8,0.0,2022-10-16
5.5,0.6,8.0,10.6,0.0,2022-10-17
2.2,2.0,5.7,9.2,0.0,2022-10-18
4.4,1.0,6.7,9.0,0.0,2022-10-19
2.2,0.0,4.9,7.6,0.0,2022-10-20
2.0,0.0,8.9,15.8,0.0,2022-10-21
10.1,0.0,14.7,19.3,0.0,2022-10-22
9.6,0.0,13.9,18.2,0.0,2022-10-23
8.7,0.0,13.8,19.0,0.0,2022-10-24
10.7,0.0,14.5,18.3,0.0,2022-10-25
7.6,7.9,11.7,15.9,0.0,2022-10-26
7.6,7.9,11.7,15.9,0.0,2022-10-27
4.1,0.0,7.1,10.2,0.0,2022-10-28
4.3,0.0,9.7,15.1,0.0,2022-10-29
5.5,0.0,10.2,14.9,0.0,2022-10-30
8.2,3.6,10.2,12.1,0.0,2022-10-31
9.5,4.9,14.5,19.4,0.0,2022-01-11
7.6,0.0,10.7,13.9,0.0,2022-02-11
7.3,0.0,9.3,11.3,0.0,2022-03-11
8.3,0.0,13.7,19.0,0.0,2022-04-11
14.4,2.2,18.8,23.1,0.0,2022-05-11
11.7,0.0,14.7,17.8,0.0,2022-06-11
4.8,0.0,9.3,13.7,0.0,2022-07-11
4.2,0.0,7.1,10.1,0.0,2022-08-11
5.3,0.0,8.9,12.6,0.0,2022-09-11
9.0,0.0,13.5,18.0,0.0,2022-10-11
12.0,8.3,13.5,15.1,1.0,2022-11-11
3.8,0.6,7.9,12.0,0.0,2022-12-11
-0.5,0.0,2.0,4.5,0.0,2022-11-13
-0.5,0.0,1.8,4.2,0.0,2022-11-14
-1.1,17.6,0.6,2.3,0.0,2022-11-15
-1.1,9.1,0.3,1.7,9.0,2022-11-16
-1.7,0.1,0.1,1.9,8.0,2022-11-17
-1.4,0.0,0.6,2.6,8.0,2022-11-18
-3.9,0.1,-2.0,-0.2,7.0,2022-11-19
-5.5,0.2,-3.8,-2.0,7.0,2022-11-20
-5.2,0.0,1.1,7.3,7.0,2022-11-21
0.0,0.0,2.7,5.4,4.0,2022-11-22
-0.2,0.0,3.6,7.4,3.0,2022-11-23
1.2,0.0,4.7,8.2,3.0,2022-11-24
4.0,0.9,6.0,8.1,0.0,2022-11-25
2.0,0.0,6.6,11.2,0.0,2022-11-26
3.4,3.8,5.4,7.4,0.0,2022-11-27
1.1,0.0,2.7,4.3,0.0,2022-11-28
1.5,0.0,4.2,6.9,0.0,2022-11-29
-1.5,22.2,3.6,8.7,0.0,2022-11-30
-1.9,0.0,-0.1,1.6,0.0,2022-01-12
-1.4,3.0,4.0,9.4,0.0,2022-02-12
0.9,5.4,5.4,9.9,0.0,2022-03-12
-1.8,0.0,0.3,2.3,0.0,2022-04-12
0.8,0.0,4.2,7.6,0.0,2022-05-12
5.2,0.0,6.3,7.4,0.0,2022-06-12
5.8,0.0,7.1,8.5,0.0,2022-07-12
-0.8,0.0,2.8,6.3,0.0,2022-08-12
-1.7,0.1,-0.2,1.2,0.0,2022-09-12
-4.4,0.0,-2.4,-0.4,0.0,2022-10-12
-1.8,4.4,-1.1,-0.4,0.0,2022-11-12
-5.2,0.0,-3.2,-1.1,3.0,2022-12-12
-6.2,0.0,-2.6,1.0,3.0,2022-12-13
-5.2,0.0,-2.3,0.6,3.0,2022-12-14
-0.6,39.8,1.0,2.5,3.0,2022-12-15
0.2,9.1,2.6,5.0,2.0,2022-12-16
-1.0,0.0,0.3,1.7,0.0,2022-12-17
-1.6,0.0,-0.2,1.2,0.0,2022-12-18
-1.2,0.0,0.4,1.9,0.0,2022-12-19
-1.0,0.0,0.0,1.0,0.0,2022-12-20
-2.7,0.0,-0.7,1.3,0.0,2022-12-21
-0.5,13.4,2.2,4.8,0.0,2022-12-22
-13.6,20.6,-4.7,4.3,0.0,2022-12-23
-14.0,0.0,-11.1,-8.1,1.0,2022-12-24
-8.6,0.0,-6.2,-3.9,1.0,2022-12-25
-8.1,0.0,-6.2,-4.4,0.0,2022-12-26
-5.7,0.0,-2.8,0.0,0.0,2022-12-27
-0.2,0.0,2.3,4.9,0.0,2022-12-28
4.0,0.0,6.9,9.8,0.0,2022-12-29
9.2,9.6,10.4,11.6,0.0,2022-12-30
4.1,22.5,7.4,10.7,0.0,2022-12-31
2.7,1.5,3.9,5.0,0.0,2023-01-01
3.5,0.0,4.6,5.6,0.0,2023-02-01
2.8,3.3,3.6,4.4,0.0,2023-03-01
2.5,21.1,3.5,4.4,0.0,2023-04-01
3.2,0.2,4.0,4.8,0.0,2023-05-01
2.9,0.0,4.0,5.1,0.0,2023-06-01
-4.1,0.0,-0.5,3.2,0.0,2023-07-01
-4.8,0.0,-3.1,-1.5,0.0,2023-08-01
-1.7,0.1,0.3,2.2,0.0,2023-09-01
-1.8,0.0,-0.1,1.7,0.0,2023-10-01
-4.8,0.1,-1.5,1.9,0.0,2023-11-01
-0.1,6.0,2.4,4.9,0.0,2023-12-01
-8.8,2.5,-4.5,-0.1,4.0,2023-01-13
-9.4,0.0,-6.3,-3.2,2.0,2023-01-14
-8.4,0.0,-4.7,-1.0,2.0,2023-01-15
-5.1,0.1,-1.7,1.8,2.0,2023-01-16
1.7,4.0,3.5,5.3,0.0,2023-01-17
2.8,1.3,4.5,6.2,0.0,2023-01-18
1.6,4.8,2.7,3.8,0.0,2023-01-19
-0.8,1.7,1.5,3.8,0.0,2023-01-20
-1.0,0.0,0.1,1.1,0.0,2023-01-21
-1.6,2.8,0.2,2.1,0.0,2023-01-22
-2.0,0.0,0.4,2.7,3.0,2023-01-23
-0.7,0.0,1.2,3.2,0.0,2023-01-24
-0.4,19.2,1.1,2.6,0.0,2023-01-25
-3.5,1.9,-0.5,2.5,8.0,2023-01-26
-1.4,0.1,-0.1,1.2,8.0,2023-01-27
-1.3,0.2,0.7,2.7,8.0,2023-01-28
-5.6,4.9,-2.2,1.3,8.0,2023-01-29
-7.1,0.0,-4.1,-1.1,9.0,2023-01-30
-9.7,0.0,-6.8,-3.8,8.0,2023-01-31
-10.6,0.0,-7.1,-3.7,8.0,2023-01-02
-9.3,0.0,-3.2,2.9,7.0,2023-02-02
-20.5,0.0,-14.9,-9.3,7.0,2023-03-02
-20.0,0.4,-10.1,-0.2,8.0,2023-04-02
-0.3,0.0,2.6,5.5,9.0,2023-05-02
-2.4,0.0,0.5,3.3,6.0,2023-06-02
-0.1,0.0,4.4,8.9,5.0,2023-07-02
2.3,0.0,5.0,7.7,1.0,2023-08-02
2.0,28.1,4.5,7.0,0.0,2023-09-02
-2.3,0.0,1.9,6.1,0.0,2023-10-02
-3.8,0.0,-0.8,2.1,0.0,2023-11-02
0.1,0.0,3.6,7.1,0.0,2023-12-02
-0.6,0.0,4.6,9.8,0.0,2023-02-13
-0.4,0.0,4.0,8.5,0.0,2023-02-14
6.2,0.2,10.7,15.3,0.0,2023-02-15
-0.2,4.7,3.2,6.6,0.0,2023-02-16
-7.9,5.7,-3.5,1.0,0.0,2023-02-17
-6.9,0.0,-2.0,2.8,0.0,2023-02-18
2.0,0.0,5.4,8.8,0.0,2023-02-19
-0.9,0.0,2.9,6.6,0.0,2023-02-20
-1.0,0.2,3.1,7.1,0.0,2023-02-21
-6.7,17.7,-3.5,-0.3,0.0,2023-02-22
-7.1,1.0,-4.1,-1.0,12.0,2023-02-23
-9.5,0.0,-5.9,-2.2,11.0,2023-02-24
-8.2,0.9,-4.5,-0.9,11.0,2023-02-25
-3.1,0.0,0.6,4.2,11.0,2023-02-26
-5.4,7.2,-2.3,0.8,7.0,2023-02-27
-0.1,2.8,1.3,2.6,10.0,2023-02-28
-0.1,0.0,1.6,3.2,8.0,2023-01-03
-0.5,0.0,2.2,4.9,8.0,2023-02-03
-1.6,21.7,-0.3,1.1,6.0,2023-03-03
-0.9,11.1,2.5,5.8,21.0,2023-04-03
-0.1,0.4,3.3,6.8,15.0,2023-05-03
-0.8,0.0,1.3,3.4,12.0,2023-06-03
-1.9,0.0,0.0,1.9,11.0,2023-07-03
-2.3,0.0,0.3,3.0,10.0,2023-08-03
-2.5,0.0,1.1,4.6,9.0,2023-09-03
-2.3,9.0,-0.8,0.7,8.0,2023-10-03
-3.5,0.3,-1.5,0.6,17.0,2023-11-03
-3.4,2.5,-1.3,0.7,14.0,2023-12-03
-2.3,0.5,-0.1,2.0,18.0,2023-03-13
-4.5,0.0,-2.9,-1.3,14.0,2023-03-14
-4.6,0.0,0.7,6.0,13.0,2023-03-15
1.2,1.8,5.6,10.0,9.0,2023-03-16
1.2,6.5,4.4,7.6,5.0,2023-03-17
-5.9,0.4,-1.9,2.2,1.0,2023-03-18
-6.7,0.0,-2.8,1.2,0.0,2023-03-19
-1.5,0.0,2.9,7.2,0.0,2023-03-20
4.2,0.0,7.0,9.8,0.0,2023-03-21
1.8,0.0,4.8,7.9,0.0,2023-03-22
0.3,9.5,4.6,8.9,0.0,2023-03-23
0.1,0.0,3.0,5.9,0.0,2023-03-24
1.8,23.8,5.7,9.6,0.0,2023-03-25
2.8,0.0,6.8,10.8,0.0,2023-03-26
2.8,1.0,4.6,6.4,0.0,2023-03-27
2.1,0.0,4.7,7.2,0.0,2023-03-28
-3.5,2.1,3.0,9.6,0.0,2023-03-29
-4.2,0.0,-0.4,3.4,0.0,2023-03-30
1.2,10.0,3.0,4.8,0.0,2023-03-31
-1.3,16.9,7.4,16.1,0.0,2023-01-04
-3.7,0.0,-0.4,2.9,0.0,2023-02-04
2.3,0.0,8.2,14.1,0.0,2023-03-04
5.6,1.5,7.9,10.3,0.0,2023-04-04
3.1,26.0,7.6,12.1,0.0,2023-05-04
5.8,0.0,9.3,12.9,0.0,2023-06-04
-0.6,0.0,3.5,7.7,0.0,2023-07-04
-1.6,0.0,2.3,6.1,0.0,2023-08-04
1.6,0.0,5.8,10.1,0.0,2023-09-04
3.9,0.0,10.9,17.8,0.0,2023-10-04
8.2,0.0,16.3,24.4,0.0,2023-11-04
13.0,0.0,20.2,27.4,0.0,2023-12-04
14.7,0.0,20.8,26.8,0.0,2023-04-13
14.0,0.0,20.5,27.0,0.0,2023-04-14
14.6,0.0,19.2,23.9,0.0,2023-04-15
9.2,6.0,16.1,23.0,0.0,2023-04-16
3.7,0.6,6.9,10.1,0.0,2023-04-17
2.3,0.0,4.3,6.3,0.0,2023-04-18
1.5,0.0,5.3,9.1,0.0,2023-04-19
3.9,0.7,7.1,10.2,0.0,2023-04-20
7.2,2.2,14.1,20.9,0.0,2023-04-21
7.5,16.9,9.7,11.8,0.0,2023-04-22
5.7,0.0,7.3,8.9,0.0,2023-04-23
4.1,2.2,6.1,8.2,0.0,2023-04-24
3.8,0.0,7.4,11.0,0.0,2023-04-25
2.4,0.0,5.8,9.1,0.0,2023-04-26
3.7,0.0,8.1,12.4,0.0,2023-04-27
7.3,13.5,9.6,11.8,0.0,2023-04-28
6.1,6.8,8.2,10.3,0.0,2023-04-29
7.4,12.2,9.2,11.0,0.0,2023-04-30
6.0,1.3,8.4,10.7,0.0,2023-01-05
3.2,5.8,5.7,8.2,0.0,2023-02-05
3.3,5.1,6.7,10.0,0.0,2023-03-05
7.2,0.0,10.2,13.2,0.0,2023-04-05
8.5,0.1,11.5,14.5,0.0,2023-05-05
7.2,0.0,12.9,18.6,0.0,2023-06-05
10.5,11.1,13.6,16.7,0.0,2023-07-05
8.6,0.0,14.4,20.2,0.0,2023-08-05
9.6,0.0,12.6,15.6,0.0,2023-09-05
7.2,0.0,13.6,19.9,0.0,2023-10-05
11.5,0.0,19.1,26.7,0.0,2023-11-05
15.0,0.0,21.2,27.5,0.0,2023-12-05
13.6,0.0,18.4,23.1,0.0,2023-05-13
10.5,0.0,13.2,15.9,0.0,2023-05-14
9.2,0.0,16.5,23.9,0.0,2023-05-15
6.6,0.0,15.8,25.0,0.0,2023-05-16
2.8,0.0,6.5,10.2,0.0,2023-05-17
4.0,0.0,9.0,13.9,0.0,2023-05-18
8.4,9.0,14.9,21.5,0.0,2023-05-19
11.9,15.5,14.6,17.4,0.0,2023-05-20
10.7,0.0,17.5,24.3,0.0,2023-05-21
11.4,0.0,13.9,16.3,0.0,2023-05-22
10.0,0.0,14.8,19.5,0.0,2023-05-23
6.8,0.0,11.9,17.0,0.0,2023-05-24
5.2,0.0,10.3,15.4,0.0,2023-05-25
7.4,0.0,13.7,19.9,0.0,2023-05-26
12.4,0.0,17.8,23.2,0.0,2023-05-27
12.7,0.0,19.3,25.9,0.0,2023-05-28
17.3,0.0,20.7,24.2,0.0,2023-05-29
15.1,0.0,20.9,26.7,0.0,2023-05-30
16.9,0.0,23.5,30.2,0.0,2023-05-31
19.0,0.0,24.7,30.4,0.0,2023-01-06
19.6,9.4,26.2,32.8,0.0,2023-02-06
15.8,0.0,19.6,23.4,0.0,2023-03-06
13.1,0.0,16.7,20.3,0.0,2023-04-06
14.2,0.0,18.3,22.4,0.0,2023-05-06
15.0,0.0,19.3,23.7,0.0,2023-06-06
12.7,0.0,17.2,21.8,0.0,2023-07-06
13.3,0.0,15.9,18.5,0.0,2023-08-06
12.1,2.4,16.6,21.1,0.0,2023-09-06
14.1,0.0,20.0,25.9,0.0,2023-10-06
15.6,7.0,19.1,22.6,0.0,2023-11-06
12.7,50.1,15.8,18.8,0.0,2023-12-06
11.7,3.3,15.7,19.8,0.0,2023-06-13
12.5,1.3,15.9,19.3,0.0,2023-06-14
11.8,2.7,16.0,20.1,0.0,2023-06-15
14.6,0.0,18.7,22.9,0.0,2023-06-16
13.8,0.0,19.6,25.4,0.0,2023-06-17
14.8,0.0,19.8,24.8,0.0,2023-06-18
16.1,0.0,20.3,24.4,0.0,2023-06-19
18.7,0.0,21.5,24.3,0.0,2023-06-20
18.9,0.0,22.5,26.2,0.0,2023-06-21
18.3,0.0,21.3,24.3,0.0,2023-06-22
19.3,4.6,21.3,23.3,0.0,2023-06-23
20.0,0.1,24.0,28.0,0.0,2023-06-24
19.7,8.8,23.9,28.2,0.0,2023-06-25
19.5,7.5,21.7,24.0,0.0,2023-06-26
16.3,5.8,19.6,23.0,0.0,2023-06-27
15.4,0.0,19.5,23.6,0.0,2023-06-28
13.7,0.0,19.9,26.0,0.0,2023-06-29
18.7,0.2,21.8,25.0,0.0,2023-06-30
19.4,0.4,24.0,28.7,0.0,2023-01-07
20.5,0.9,22.2,23.8,0.0,2023-02-07
19.6,2.2,22.4,25.1,0.0,2023-03-07
19.1,0.0,25.5,32.0,0.0,2023-04-07
22.4,0.0,26.9,31.3,0.0,2023-05-07
22.2,1.1,26.1,30.0,0.0,2023-06-07
18.1,0.0,23.2,28.3,0.0,2023-07-07
15.7,0.2,20.3,25.0,0.0,2023-08-07
16.9,0.0,21.4,25.9,0.0,2023-09-07
16.5,0.0,22.6,28.7,0.0,2023-10-07
18.6,1.8,24.4,30.3,0.0,2023-11-07
15.1,0.0,20.2,25.3,0.0,2023-12-07
16.9,34.1,20.9,25.0,0.0,2023-07-13
15.3,0.0,20.7,26.1,0.0,2023-07-14
19.8,8.8,22.1,24.4,0.0,2023-07-15
19.9,1.1,23.6,27.2,0.0,2023-07-16
19.2,0.0,23.2,27.1,0.0,2023-07-17
18.0,0.4,22.0,26.1,0.0,2023-07-18
16.6,0.0,20.8,25.1,0.0,2023-07-19
18.9,2.9,22.9,26.8,0.0,2023-07-20
18.8,0.0,22.5,26.3,0.0,2023-07-21
17.2,0.0,23.1,29.0,0.0,2023-07-22
17.5,1.2,22.4,27.3,0.0,2023-07-23
18.4,7.3,22.4,26.4,0.0,2023-07-24
18.7,2.5,22.6,26.5,0.0,2023-07-25
20.6,6.2,24.7,28.8,0.0,2023-07-26
20.8,14.3,25.4,30.0,0.0,2023-07-27
20.4,0.0,25.2,30.0,0.0,2023-07-28
16.6,12.8,20.9,25.2,0.0,2023-07-29
14.8,0.0,19.5,24.3,0.0,2023-07-30
15.9,0.0,20.6,25.2,0.0,2023-07-31
15.4,0.0,19.7,24.0,0.0,2023-01-08
16.3,0.1,20.3,24.4,0.0,2023-02-08
18.5,5.8,23.5,28.5,0.0,2023-03-08
17.8,0.0,22.6,27.5,0.0,2023-04-08
18.4,0.0,21.3,24.2,0.0,2023-05-08
16.1,3.8,20.1,24.2,0.0,2023-06-08
19.2,5.9,22.2,25.2,0.0,2023-07-08
17.5,0.0,21.4,25.3,0.0,2023-08-08
16.6,0.0,22.8,28.9,0.0,2023-09-08
19.4,0.0,22.6,25.9,0.0,2023-10-08
16.0,0.0,20.7,25.3,0.0,2023-11-08
19.8,1.7,24.6,29.5,0.0,2023-12-08
17.5,0.0,21.7,26.0,0.0,2023-08-13
16.0,0.0,20.0,23.9,0.0,2023-08-14
18.6,2.8,20.9,23.2,0.0,2023-08-15
18.1,0.0,22.4,26.7,0.0,2023-08-16
17.8,6.1,21.8,25.9,0.0,2023-08-17
14.8,0.0,17.8,20.8,0.0,2023-08-18
13.1,0.0,19.7,26.2,0.0,2023-08-19
15.9,0.0,21.9,27.9,0.0,2023-08-20
17.5,0.0,21.5,25.6,0.0,2023-08-21
15.3,0.0,19.9,24.4,0.0,2023-08-22
15.9,2.4,18.3,20.8,0.0,2023-08-23
18.8,14.3,20.5,22.2,0.0,2023-08-24
19.4,0.0,22.2,24.9,0.0,2023-08-25
15.8,0.6,20.0,24.2,0.0,2023-08-26
13.3,0.0,17.8,22.3,0.0,2023-08-27
15.0,0.0,19.0,22.9,0.0,2023-08-28
14.6,2.4,19.6,24.6,0.0,2023-08-29
12.7,0.0,17.0,21.2,0.0,2023-08-30
11.6,0.0,16.8,22.1,0.0,2023-08-31
13.5,0.0,18.8,24.1,0.0,2023-01-09
15.8,0.0,21.2,26.7,0.0,2023-02-09
17.8,0.0,23.2,28.6,0.0,2023-03-09
20.8,0.0,26.9,32.9,0.0,2023-04-09
21.3,0.0,26.4,31.4,0.0,2023-05-09
22.1,0.0,26.7,31.4,0.0,2023-06-09
18.1,5.4,22.9,27.8,0.0,2023-07-09
15.9,0.0,18.4,20.9,0.0,2023-08-09
16.5,0.0,18.7,20.8,0.0,2023-09-09
17.9,0.0,20.7,23.6,0.0,2023-10-09
16.7,0.0,20.5,24.3,0.0,2023-11-09
15.4,4.5,19.6,23.9,0.0,2023-12-09
12.4,0.0,15.9,19.4,0.0,2023-09-13
10.7,0.0,15.6,20.5,0.0,2023-09-14
11.1,0.0,16.1,21.0,0.0,2023-09-15
11.9,0.0,17.7,23.4,0.0,2023-09-16
15.0,0.9,19.2,23.3,0.0,2023-09-17
13.4,0.0,18.0,22.6,0.0,2023-09-18
11.1,0.0,16.3,21.6,0.0,2023-09-19
9.5,0.0,14.5,19.5,0.0,2023-09-20
14.0,0.0,18.1,22.2,0.0,2023-09-21
14.6,0.0,18.4,22.1,0.0,2023-09-22
14.2,0.0,17.7,21.1,0.0,2023-09-23
14.2,0.0,17.8,21.4,0.0,2023-09-24
16.1,0.0,19.8,23.5,0.0,2023-09-25
16.4,0.0,18.3,20.2,0.0,2023-09-26
15.0,0.0,17.5,19.9,0.0,2023-09-27
15.1,0.9,17.0,18.8,0.0,2023-09-28
14.5,0.2,17.6,20.8,0.0,2023-09-29
15.0,0.0,19.1,23.3,0.0,2023-09-30
14.9,0.0,19.9,24.8,0.0,2023-01-10
16.9,0.0,21.1,25.2,0.0,2023-02-10
17.1,0.0,22.7,28.3,0.0,2023-03-10
17.9,0.0,22.6,27.2,0.0,2023-04-10
17.4,12.3,21.0,24.5,0.0,2023-05-10
13.1,6.1,17.7,22.3,0.0,2023-06-10
9.3,0.0,12.5,15.6,0.0,2023-07-10
7.4,1.5,9.5,11.5,0.0,2023-08-10
7.3,0.0,9.3,11.4,0.0,2023-09-10
7.7,2.8,10.3,12.8,0.0,2023-10-10
7.5,0.0,11.0,14.4,0.0,2023-11-10
7.2,0.0,11.7,16.1,0.0,2023-12-10
6.7,0.0,10.6,14.5,0.0,2023-10-13
9.9,0.0,11.5,13.1,0.0,2023-10-14
8.0,0.0,9.6,11.3,0.0,2023-10-15
8.2,0.0,10.5,12.9,0.0,2023-10-16
7.2,0.0,11.5,15.8,0.0,2023-10-17
9.4,0.0,11.8,14.3,0.0,2023-10-18
10.7,0.2,13.4,16.1,0.0,2023-10-19
10.1,5.7,12.5,15.0,0.0,2023-10-20
6.3,0.0,9.4,12.4,0.0,2023-10-21
3.5,0.0,7.3,11.2,0.0,2023-10-22
2.0,0.0,7.1,12.2,0.0,2023-10-23
9.3,0.0,13.8,18.3,0.0,2023-10-24
14.6,1.1,17.2,19.8,0.0,2023-10-25
14.3,8.0,16.2,18.1,0.0,2023-10-26
16.3,0.0,19.1,21.9,0.0,2023-10-27
7.5,0.0,12.7,18.0,0.0,2023-10-28
3.8,1.9,5.8,7.8,0.0,2023-10-29
1.0,2.2,4.4,7.9,0.0,2023-10-30
0.4,0.0,3.5,6.6,0.0,2023-10-31
0.1,0.0,2.8,5.5,0.0,2023-01-11
2.9,0.0,6.0,9.1,0.0,2023-02-11
8.2,0.0,11.1,14.0,0.0,2023-03-11
7.7,2.0,9.8,11.9,0.0,2023-04-11
4.1,0.0,7.2,10.3,0.0,2023-05-11
8.4,4.7,10.3,12.2,3.0,2023-06-11
8.4,4.7,10.3,12.2,0.0,2023-07-11
-1.2,15.3,1.7,4.6,0.0,2023-08-11
4.4,1.1,7.7,11.0,0.0,2023-09-11
3.4,0.0,7.5,11.5,0.0,2023-10-11
1.8,0.0,3.2,4.6,0.0,2023-11-11
0.0,0.0,2.5,4.9,0.0,2023-12-11
3.9,0.0,9.0,14.0,0.0,2023-11-13
4.9,0.0,7.1,9.4,0.0,2023-11-14
3.4,0.0,8.5,13.6,0.0,2023-11-15
4.6,0.0,8.5,12.3,0.0,2023-11-16
2.9,0.5,7.9,12.9,0.0,2023-11-17
0.5,0.0,4.5,8.5,0.0,2023-11-18
-0.6,0.0,3.2,7.1,0.0,2023-11-19
-3.1,0.0,-0.2,2.8,0.0,2023-11-20
2.0,16.6,4.2,6.3,0.0,2023-11-21
3.0,2.8,5.1,7.1,1.0,2023-11-22
0.8,0.0,4.1,7.3,0.0,2023-11-23
-2.3,0.0,-0.3,1.6,0.0,2023-11-24
-2.0,0.0,0.9,3.8,0.0,2023-11-25
1.6,9.1,4.2,6.8,0.0,2023-11-26
-3.0,0.0,0.8,4.7,0.0,2023-11-27
-3.9,0.0,-1.9,0.2,0.0,2023-11-28
-3.6,0.0,-1.3,1.0,0.0,2023-11-29
0.0,0.0,5.1,10.2,0.0,2023-11-30
1.2,9.0,5.5,9.8,0.0,2023-01-12
2.3,2.8,3.2,4.1,0.0,2023-02-12
1.6,2.1,2.6,3.5,0.0,2023-03-12
1.2,0.0,2.8,4.4,0.0,2023-04-12
0.3,0.1,1.7,3.1,0.0,2023-05-12
-1.8,0.0,-0.2,1.4,0.0,2023-06-12
0.3,3.9,3.0,5.7,1.0,2023-07-12
4.0,0.0,5.9,7.9,0.0,2023-08-12
7.6,9.1,10.3,13.0,0.0,2023-09-12
2.8,0.7,6.8,10.9,0.0,2023-10-12
0.7,0.0,1.8,3.0,0.0,2023-11-12
-0.2,0.0,2.7,5.7,0.0,2023-12-12
-1.4,0.0,1.1,3.6,0.0,2023-12-13
-1.8,0.0,1.9,5.5,0.0,2023-12-14
3.7,0.0,8.5,13.2,0.0,2023-12-15
4.7,0.2,5.8,7.0,0.0,2023-12-16
5.9,12.0,7.2,8.4,0.0,2023-12-17
-1.7,1.8,2.7,7.1,0.0,2023-12-18
-3.7,0.3,-2.0,-0.2,0.0,2023-12-19
-1.0,0.0,1.7,4.4,0.0,2023-12-20
-3.6,0.0,-0.3,3.1,0.0,2023-12-21
-4.4,0.0,-1.6,1.2,0.0,2023-12-22
0.8,7.5,2.8,4.8,0.0,2023-12-23
3.6,0.0,4.5,5.3,0.0,2023-12-24
3.5,0.0,5.3,7.0,0.0,2023-12-25
5.6,0.9,6.7,7.8,1.0,2023-12-26
7.2,16.4,7.8,8.4,0.0,2023-12-27
6.1,3.3,7.0,7.9,0.0,2023-12-28
2.6,4.5,4.9,7.1,0.0,2023-12-29
-0.3,0.0,1.2,2.7,0.0,2023-12-30
-1.0,2.3,0.3,1.6,0.0,2023-12-31
-3.1,0.1,-1.9,-0.7,2.0,2024-01-01
-1.5,0.0,0.0,1.5,0.0,2024-02-01
0.6,0.0,1.9,3.1,0.0,2024-03-01
-6.0,0.0,-2.1,1.8,0.0,2024-04-01
-2.1,0.0,-0.9,0.4,0.0,2024-05-01
-3.5,5.0,-0.7,2.1,0.0,2024-06-01
-4.2,0.1,-1.7,0.7,5.0,2024-07-01
0.6,0.0,2.2,3.7,4.0,2024-08-01
0.6,31.2,3.8,7.0,1.0,2024-09-01
0.7,0.0,3.7,6.7,0.0,2024-10-01
0.6,3.3,1.7,2.8,0.0,2024-11-01
-0.1,11.8,1.9,3.9,0.0,2024-12-01
-2.9,3.3,1.9,6.8,1.0,2024-01-13
-11.2,0.1,-6.8,-2.5,0.0,2024-01-14
-12.5,0.0,-9.8,-7.1,1.0,2024-01-15
-10.9,0.9,-8.6,-6.3,1.0,2024-01-16
-14.2,0.0,-10.8,-7.4,1.0,2024-01-17
-7.6,0.0,-5.2,-2.8,2.0,2024-01-18
-13.8,0.0,-9.4,-4.9,1.0,2024-01-19
-14.1,0.0,-10.5,-7.0,2.0,2024-01-20
-10.7,0.0,-6.0,-1.4,2.0,2024-01-21
-5.8,0.7,-3.0,-0.2,2.0,2024-01-22
-0.3,8.1,1.1,2.4,2.0,2024-01-23
0.9,7.2,1.9,3.0,2.0,2024-01-24
2.0,0.0,3.0,4.1,0.0,2024-01-25
2.1,17.6,4.1,6.1,0.0,2024-01-26
1.6,0.0,2.8,4.0,0.0,2024-01-27
1.7,0.2,2.7,3.7,0.0,2024-01-28
0.1,0.0,1.8,3.6,0.0,2024-01-29
0.7,0.0,2.0,3.2,0.0,2024-01-30
2.4,0.0,4.0,5.6,0.0,2024-01-31
3.0,0.0,4.1,5.2,0.0,2024-01-02
-1.4,0.0,1.7,4.8,0.0,2024-02-02
-2.7,0.0,0.2,3.0,0.0,2024-03-02
-4.0,0.0,0.5,5.1,0.0,2024-04-02
-0.5,0.0,1.3,3.1,0.0,2024-05-02
-1.2,0.0,1.4,4.0,0.0,2024-06-02
0.7,0.0,2.5,4.3,0.0,2024-07-02
1.3,0.0,5.0,8.6,0.0,2024-08-02
6.5,0.8,11.0,15.4,0.0,2024-09-02
3.8,0.0,7.6,11.4,0.0,2024-10-02
1.9,0.0,2.9,3.9,0.0,2024-11-02
-0.3,0.0,1.8,3.9,0.0,2024-12-02
-5.3,0.1,-0.2,4.9,0.0,2024-02-13
-6.9,0.0,-3.4,0.2,0.0,2024-02-14
-3.7,6.4,-1.2,1.2,0.0,2024-02-15
-3.5,0.0,-1.4,0.6,8.0,2024-02-16
-6.9,0.1,-4.7,-2.4,5.0,2024-02-17
-5.6,0.1,-2.4,0.9,4.0,2024-02-18
-9.0,0.0,-5.1,-1.1,3.0,2024-02-19
-4.5,0.0,-0.4,3.7,3.0,2024-02-20
0.9,0.0,5.3,9.7,0.0,2024-02-21
4.5,0.0,7.6,10.7,0.0,2024-02-22
-7.2,0.0,1.9,11.0,0.0,2024-02-23
-11.9,0.0,-7.8,-3.8,0.0,2024-02-24
-4.4,0.0,0.8,5.9,0.0,2024-02-25
1.6,0.0,5.2,8.9,0.0,2024-02-26
3.4,17.9,8.2,13.0,0.0,2024-02-27
-4.6,7.3,5.3,15.2,0.0,2024-02-28
-5.9,0.0,-3.5,-1.1,0.0,2024-02-29
-2.9,0.0,2.8,8.5,0.0,2024-01-03
5.3,0.3,6.1,7.0,0.0,2024-02-03
5.3,0.0,6.4,7.6,0.0,2024-03-03
5.1,0.0,9.6,14.2,0.0,2024-04-03
7.8,1.2,12.0,16.2,0.0,2024-05-03
4.1,0.1,6.6,9.1,0.0,2024-06-03
2.6,0.0,6.4,10.2,0.0,2024-07-03
3.8,0.7,6.1,8.4,0.0,2024-08-03
4.4,13.8,6.5,8.6,0.0,2024-09-03
-1.2,0.1,1.7,4.7,0.0,2024-10-03
-0.8,0.0,3.8,8.4,0.0,2024-11-03
2.6,0.0,8.3,14.0,0.0,2024-12-03
5.9,0.0,13.5,21.1,0.0,2024-03-13
6.4,17.1,8.5,10.6,0.0,2024-03-14
2.2,0.0,7.0,11.8,0.0,2024-03-15
1.3,1.8,5.2,9.2,0.0,2024-03-16
-0.2,0.0,3.6,7.3,0.0,2024-03-17
-1.3,0.2,0.9,3.1,0.0,2024-03-18
-0.9,2.0,0.6,2.1,0.0,2024-03-19
-4.3,0.9,-0.9,2.5,0.0,2024-03-20
-5.6,0.0,-2.8,0.1,0.0,2024-03-21
-5.6,9.9,-3.9,-2.2,0.0,2024-03-22
-6.6,0.1,-1.9,2.9,10.0,2024-03-23
-5.4,0.0,-2.4,0.5,2.0,2024-03-24
0.2,0.0,4.0,7.7,0.0,2024-03-25
6.2,4.7,7.6,9.0,0.0,2024-03-26
3.6,0.4,7.2,10.7,0.0,2024-03-27
1.7,0.0,5.3,8.8,0.0,2024-03-28
0.5,0.0,4.4,8.3,0.0,2024-03-29
-0.9,0.0,3.3,7.5,0.0,2024-03-30
2.0,0.0,5.3,8.6,0.0,2024-03-31
