date,total_taken_units,total_free_units,total_capacity_units,avg_min_temperature,avg_total_precipitation,avg_mean_temperature,avg_max_temperature,avg_snow_on_ground
2021-01-01,2988.0,118.0,3106.0,-1.0,6.8,0.7,2.5,0.0
2021-01-02,2992.0,107.0,3099.0,-0.9,10.8,0.7,2.2,0.0
2021-01-03,2977.0,119.0,3096.0,0.2,1.7,1.1,2.1,0.0
2021-01-04,2998.0,121.0,3119.0,-0.1,0.0,0.8,1.7,0.0
2021-01-05,3003.0,126.0,3129.0,0.6,0.4,1.1,1.6,0.0
2021-01-06,2985.0,121.0,3106.0,-0.3,0.0,0.9,2.1,0.0
2021-01-07,3000.0,109.0,3109.0,-4.8,0.0,-2.0,0.8,0.0
2021-01-08,3001.0,101.0,3102.0,-8.3,0.0,-4.8,-1.3,0.0
2021-01-09,2993.0,102.0,3095.0,-2.4,0.0,0.8,4.1,0.0
2021-01-10,2972.0,117.0,3089.0,-2.0,0.0,0.1,2.1,0.0
2021-01-11,2969.0,108.0,3077.0,-3.1,0.0,-1.0,1.2,0.0
2021-01-12,2981.0,106.0,3087.0,-1.1,0.3,-0.5,0.0,0.0
2021-01-13,2974.0,101.0,3075.0,-0.5,0.0,1.5,3.6,0.0
2021-01-14,2974.0,99.0,3073.0,1.7,0.0,3.4,5.2,0.0
2021-01-15,2975.0,103.0,3078.0,2.7,2.9,4.2,5.6,0.0
2021-01-16,2974.0,99.0,3073.0,-0.3,0.0,2.3,5.0,0.0
2021-01-17,2973.0,108.0,3081.0,-0.6,0.2,2.3,5.1,0.0
2021-01-18,2973.0,146.0,3119.0,-2.3,0.0,-0.5,1.2,0.0
2021-01-19,2958.0,149.0,3107.0,-2.2,0.0,0.0,2.2,0.0
2021-01-20,2951.0,120.0,3071.0,-7.1,0.0,-4.0,-0.8,0.0
2021-01-21,2949.0,123.0,3072.0,-0.8,0.1,1.6,4.0,0.0
2021-01-22,2982.0,181.0,3163.0,-6.3999999999999995,0.3,-1.9000000000000001,2.6,0.0
2021-01-23,3047.0,122.0,3169.0,-10.6,0.0,-7.3,-4.0,0.0
2021-01-24,3038.0,141.0,3179.0,-6.2,0.0,-4.0,-1.8,0.0
2021-01-25,2970.0,128.0,3098.0,-2.1,0.0,0.1,2.3,0.0
2021-01-26,2974.0,121.0,3095.0,-3.9,8.7,-1.5,0.9,0.0
2021-01-27,3005.0,154.0,3159.0,-8.3,0.0,-5.4,-2.5,6.0
2021-01-28,3052.0,123.0,3175.0,-12.1,0.0,-9.4,-6.7,4.0
2021-01-29,3089.0,102.0,3191.0,-12.200000000000001,0.0,-9.4,-6.6000000000000005,4.0
2021-01-30,3083.0,100.0,3183.0,-10.5,0.0,-6.3,-2.0,4.0
2021-01-31,3085.0,100.0,3185.0,-8.8,0.0,-6.5,-4.2,4.0
2021-02-01,3072.0,110.0,3182.0,-9.6,0.0,-5.8,-2.0,4.0
2021-02-02,2988.0,140.0,3128.0,-7.7,0.0,-3.9,0.0,3.0
2021-02-03,2981.0,67.0,3048.0,-5.9,0.0,-2.5,1.0,3.0
2021-02-04,2969.0,62.0,3031.0,-3.9,0.9,0.09999999999999999,4.0,3.0
2021-02-05,3002.0,59.0,3061.0,-6.6000000000000005,2.3,-1.7,3.1,2.0
2021-02-06,3000.0,52.0,3052.0,-8.1,0.0,-6.6000000000000005,-5.1,2.0
2021-02-07,3031.0,84.0,3115.0,-11.6,0.8,-8.4,-5.2,4.0
2021-02-08,3050.0,63.0,3113.0,-11.7,0.2,-8.7,-5.7,3.0
2021-02-09,3030.0,81.0,3111.0,-8.8,0.3,-5.6,-2.4,4.0
2021-02-10,3052.0,139.0,3191.0,-10.1,0.0,-7.2,-4.2,3.0
2021-02-11,3067.0,118.0,3185.0,-9.8,0.0,-6.3,-2.8,3.0
2021-02-12,3091.0,115.0,3206.0,-13.5,0.3,-10.8,-8.1,2.0
2021-02-13,3106.0,107.0,3213.0,-11.799999999999999,1.5999999999999999,-10.2,-8.6,4.0
2021-02-14,3089.0,121.0,3210.0,-11.2,0.0,-7.1000000000000005,-3.0,8.0
2021-02-15,3107.0,113.0,3220.0,-8.4,5.4,-5.6,-2.8,6.0
2021-02-16,3131.0,90.0,3221.0,-12.0,5.5,-9.2,-6.3999999999999995,16.0
2021-02-17,3128.0,101.0,3229.0,-12.700000000000001,0.0,-7.6000000000000005,-2.5,14.0
2021-02-18,3122.0,88.0,3210.0,-6.2,3.6999999999999997,-4.4,-2.6,13.0
2021-02-19,3132.0,81.0,3213.0,-5.6,2.4,-3.6,-1.7,19.0
2021-02-20,3124.0,81.0,3205.0,-7.3,0.0,-4.1,-0.9,20.0
2021-02-21,3128.0,74.0,3202.0,-8.5,0.0,-4.2,0.09999999999999999,18.0
2021-02-22,3109.0,96.0,3205.0,-0.3,7.7,1.5999999999999999,3.5,20.0
2021-02-23,3091.0,86.0,3177.0,0.19999999999999998,0.5,2.7,5.3,16.0
2021-02-24,3077.0,83.0,3160.0,0.7,0.0,4.9,9.1,14.0
2021-02-25,3069.0,88.0,3157.0,-2.6,0.0,-0.19999999999999998,2.2,9.0
2021-02-26,3068.0,65.0,3133.0,-3.8,0.0,-0.3,3.3,8.0
2021-02-27,3062.0,66.0,3128.0,1.0,6.5,3.7,6.4,7.0
2021-02-28,3065.0,56.0,3121.0,0.8,1.3,4.1,7.3,6.0
2021-03-01,3104.0,115.0,3219.0,-9.6,0.0,-1.5,6.5,1.0
2021-03-02,3120.0,93.0,3213.0,-12.8,0.0,-5.9,1.0,1.0
2021-03-03,3132.0,82.0,3214.0,-0.7,0.0,3.6,8.0,0.0
2021-03-04,3151.0,77.0,3228.0,-7.0,0.0,-2.6,1.8,0.0
2021-03-05,3135.0,89.0,3224.0,-8.8,0.0,-3.6,1.7,0.0
2021-03-06,3134.0,84.0,3218.0,-6.6000000000000005,0.0,-3.8000000000000003,-0.9,0.0
2021-03-07,3123.0,84.0,3207.0,-7.8,0.0,-3.9,0.0,0.0
2021-03-08,3123.0,73.0,3196.0,-6.3999999999999995,0.0,1.5,9.4,0.0
2021-03-09,3087.0,72.0,3159.0,1.2,0.0,6.0,10.7,0.0
2021-03-10,3069.0,78.0,3147.0,3.1999999999999997,0.0,8.7,14.1,0.0
2021-03-11,3069.0,66.0,3135.0,6.8,2.1,12.799999999999999,18.8,0.0
2021-03-12,3091.0,111.0,3202.0,-3.3000000000000003,0.0,4.6,12.4,0.0
2021-03-13,3103.0,94.0,3197.0,-5.1,0.0,0.5,6.1000000000000005,0.0
2021-03-14,3098.0,81.0,3179.0,-4.7,0.0,-0.5,3.8000000000000003,0.0
2021-03-15,3090.0,79.0,3169.0,-7.8,0.0,-4.2,-0.6,0.0
2021-03-16,3075.0,79.0,3154.0,-1.2,0.0,0.7999999999999999,2.8,0.0
2021-03-17,3049.0,94.0,3143.0,2.0,0.0,5.4,8.7,0.0
2021-03-18,3034.0,107.0,3141.0,-1.1,0.39999999999999997,3.5,8.0,0.0
2021-03-19,3016.0,107.0,3123.0,-4.2,0.0,-0.4,3.5,0.0
2021-03-20,2985.0,123.0,3108.0,-0.3,0.0,6.3,13.0,0.0
2021-03-21,2975.0,105.0,3080.0,2.3,0.0,8.9,15.6,0.0
2021-03-22,2966.0,91.0,3057.0,3.5,0.0,9.8,16.1,0.0
2021-03-23,2970.0,89.0,3059.0,6.1,0.0,10.6,15.099999999999998,0.0
2021-03-24,2955.0,87.0,3042.0,7.9,0.8,11.4,14.9,0.0
2021-03-25,2952.0,91.0,3043.0,8.5,1.0,14.099999999999998,19.6,0.0
2021-03-26,2957.0,83.0,3040.0,4.0,28.4,7.1,10.3,0.0
2021-03-27,2961.0,84.0,3045.0,4.2,0.0,5.799999999999999,7.5,0.0
2021-03-28,2962.0,86.0,3048.0,2.8,9.5,6.5,10.2,0.0
2021-03-29,2957.0,94.0,3051.0,0.2,0.0,3.7,7.3,0.0
2021-03-30,2972.0,89.0,3061.0,2.6,0.0,10.5,18.4,0.0
2021-03-31,2954.0,104.0,3058.0,1.1,0.0,7.9,14.7,0.0
2021-04-01,2945.0,99.0,3044.0,-1.7,0.0,0.7,3.1,0.0
2021-04-02,2944.0,102.0,3046.0,-3.5,0.0,0.7,4.9,0.0
2021-04-03,2945.0,120.0,3065.0,-1.9,0.3,3.5,8.9,0.0
2021-04-04,2948.0,124.0,3072.0,1.5,0.0,6.9,12.3,0.0
2021-04-05,2954.0,126.0,3080.0,7.0,0.0,9.8,12.599999999999998,0.0
2021-04-06,2953.0,129.0,3082.0,7.5,0.1,10.2,12.9,0.0
2021-04-07,2937.0,125.0,3062.0,8.0,0.0,11.8,15.7,0.0
2021-04-08,2934.0,122.0,3056.0,10.4,0.0,14.9,19.4,0.0
2021-04-09,2929.0,112.0,3041.0,12.5,0.8,14.7,16.9,0.0
2021-04-10,2917.0,118.0,3035.0,11.3,0.0,15.2,19.1,0.0
2021-04-11,2918.0,110.0,3028.0,10.2,16.3,13.3,16.5,0.0
2021-04-12,2887.0,124.0,3011.0,6.7,7.0,8.8,10.9,0.0
2021-04-13,2878.0,117.0,2995.0,7.1,0.0,10.6,14.1,0.0
2021-04-14,2875.0,115.0,2990.0,5.4,0.39999999999999997,10.4,15.4,0.0
2021-04-15,2866.0,123.0,2989.0,5.1,0.7999999999999999,7.0,8.8,0.0
2021-04-16,2874.0,126.0,3000.0,5.1,0.4,8.0,10.8,0.0
2021-04-17,2900.0,146.0,3046.0,3.9,0.0,8.0,12.1,0.0
2021-04-18,2921.0,123.0,3044.0,4.2,0.0,8.9,13.6,0.0
2021-04-19,2936.0,101.0,3037.0,4.9,0.7,10.6,16.3,0.0
2021-04-20,2947.0,106.0,3053.0,-0.4,1.2,3.1,6.6,0.0
2021-04-21,2933.0,117.0,3050.0,-1.4,4.0,1.5,4.3,0.0
2021-04-22,2942.0,116.0,3058.0,-0.7,0.0,2.6,5.9,0.0
2021-04-23,2948.0,115.0,3063.0,0.8,0.0,9.9,19.0,0.0
2021-04-24,2938.0,115.0,3053.0,7.9,0.0,12.3,16.8,0.0
2021-04-25,2937.0,117.0,3054.0,1.7,0.8,7.2,12.6,0.0
2021-04-26,2932.0,124.0,3056.0,0.2,1.4,4.2,8.2,0.0
2021-04-27,2934.0,111.0,3045.0,5.5,4.3,8.5,11.4,0.0
2021-04-28,2922.0,116.0,3038.0,8.3,7.0,12.5,16.7,0.0
2021-04-29,2942.0,170.0,3112.0,8.1,9.0,9.5,10.8,0.0
2021-04-30,2971.0,163.0,3134.0,4.8,0.0,7.299999999999999,9.7,0.0
2021-05-01,2974.0,154.0,3128.0,2.0,0.0,7.4,12.7,0.0
2021-05-02,2979.0,146.0,3125.0,9.0,0.1,13.0,17.0,0.0
2021-05-03,2986.0,139.0,3125.0,7.700000000000001,2.4,10.5,13.3,0.0
2021-05-04,2996.0,109.0,3105.0,7.200000000000001,1.5,9.4,11.7,0.0
2021-05-05,3022.0,117.0,3139.0,6.1,0.0,9.6,13.099999999999998,0.0
2021-05-06,3042.0,97.0,3139.0,4.6,0.0,8.7,12.8,0.0
2021-05-07,3076.0,126.0,3202.0,5.1,0.1,7.6,10.1,0.0
2021-05-08,3081.0,126.0,3207.0,4.4,0.5,9.4,14.5,0.0
2021-05-09,3084.0,181.0,3265.0,4.2,0.0,8.2,12.3,0.0
2021-05-10,3092.0,169.0,3261.0,3.7,0.0,9.4,15.2,0.0
2021-05-11,3084.0,190.0,3274.0,3.6,0.0,8.1,12.6,0.0
2021-05-12,3107.0,170.0,3277.0,6.3,0.0,12.2,18.0,0.0
2021-05-13,3098.0,188.0,3286.0,8.9,0.0,14.1,19.3,0.0
2021-05-14,3091.0,205.0,3296.0,8.5,0.0,14.9,21.4,0.0
2021-05-15,3100.0,202.0,3302.0,9.2,0.0,15.7,22.2,0.0
2021-05-16,3113.0,176.0,3289.0,11.7,0.0,17.2,22.7,0.0
2021-05-17,3118.0,163.0,3281.0,11.1,0.0,17.4,23.7,0.0
2021-05-18,3120.0,155.0,3275.0,13.3,0.0,19.9,26.6,0.0
2021-05-19,3127.0,157.0,3284.0,15.4,0.0,21.7,28.0,0.0
2021-05-20,3131.0,164.0,3295.0,18.0,0.0,24.1,30.2,0.0
2021-05-21,3138.0,207.0,3345.0,18.4,0.0,24.5,30.7,0.0
2021-05-22,3146.0,196.0,3342.0,20.4,0.2,24.2,28.0,0.0
2021-05-23,3138.0,200.0,3338.0,15.5,0.0,20.4,25.3,0.0
2021-05-24,3138.0,193.0,3331.0,13.0,0.0,16.9,20.9,0.0
2021-05-25,3149.0,205.0,3354.0,15.1,0.0,22.9,30.8,0.0
2021-05-26,3161.0,192.0,3353.0,11.7,2.4,18.7,25.6,0.0
2021-05-27,3179.0,187.0,3366.0,9.4,0.0,13.8,18.2,0.0
2021-05-28,3197.0,168.0,3365.0,3.1,13.5,7.1,11.1,0.0
2021-05-29,3199.0,171.0,3370.0,5.2,0.0,10.3,15.5,0.0
2021-05-30,3200.0,166.0,3366.0,8.4,0.0,13.5,18.7,0.0
2021-05-31,3185.0,195.0,3380.0,8.4,0.0,15.0,21.6,0.0
2021-06-01,3189.0,188.0,3377.0,14.6,0.0,19.7,24.8,0.0
2021-06-02,3197.0,177.0,3374.0,13.4,5.5,19.2,25.0,0.0
2021-06-03,3188.0,180.0,3368.0,14.8,3.3,18.1,21.4,0.0
2021-06-04,3190.0,179.0,3369.0,15.0,0.0,20.1,25.3,0.0
2021-06-05,3187.0,181.0,3368.0,17.8,0.0,25.1,32.4,0.0
2021-06-06,3189.0,176.0,3365.0,18.9,0.0,24.7,30.5,0.0
2021-06-07,3197.0,175.0,3372.0,19.1,0.0,24.4,29.6,0.0
2021-06-08,3219.0,167.0,3386.0,20.0,5.0,23.2,26.3,0.0
2021-06-09,3231.0,157.0,3388.0,20.6,0.0,24.7,28.8,0.0
2021-06-10,3242.0,167.0,3409.0,18.6,0.0,21.2,23.7,0.0
2021-06-11,3240.0,174.0,3414.0,17.7,0.0,20.7,23.599999999999998,0.0
2021-06-12,3251.0,161.0,3412.0,17.4,0.0,21.3,25.2,0.0
2021-06-13,3245.0,165.0,3410.0,16.7,4.3,21.8,26.900000000000002,0.0
2021-06-14,3260.0,162.0,3422.0,16.1,2.5,19.2,22.3,0.0
2021-06-15,3263.0,150.0,3413.0,15.5,0.0,19.2,22.9,0.0
2021-06-16,3249.0,166.0,3415.0,12.3,0.0,17.4,22.4,0.0
2021-06-17,3253.0,187.0,3440.0,11.1,0.0,17.6,24.099999999999998,0.0
2021-06-18,3254.0,193.0,3447.0,16.9,8.2,20.1,23.3,0.0
2021-06-19,3267.0,181.0,3448.0,17.0,3.1999999999999997,23.900000000000002,30.8,0.0
2021-06-20,3274.0,174.0,3448.0,15.700000000000001,0.0,21.1,26.400000000000002,0.0
2021-06-21,3270.0,177.0,3447.0,12.700000000000001,5.4,20.8,28.900000000000002,0.0
2021-06-22,3280.0,181.0,3461.0,11.1,0.0,15.5,19.8,0.0
2021-06-23,3305.0,164.0,3469.0,10.6,0.0,16.8,22.900000000000002,0.0
2021-06-24,3308.0,177.0,3485.0,16.4,0.0,21.7,27.0,0.0
2021-06-25,3328.0,167.0,3495.0,18.6,12.700000000000001,21.5,24.400000000000002,0.0
2021-06-26,3318.0,180.0,3498.0,18.6,4.6,22.3,26.0,0.0
2021-06-27,3325.0,170.0,3495.0,20.7,0.0,24.900000000000002,29.099999999999998,0.0
2021-06-28,3318.0,189.0,3507.0,21.9,0.0,27.2,32.6,0.0
2021-06-29,3329.0,172.0,3501.0,20.5,25.0,25.3,30.099999999999998,0.0
2021-06-30,3347.0,180.0,3527.0,20.1,0.09999999999999999,24.400000000000002,28.7,0.0
2021-07-01,3322.0,193.0,3515.0,17.6,0.0,21.6,25.5,0.0
2021-07-02,3326.0,188.0,3514.0,16.6,5.1,20.7,24.7,0.0
2021-07-03,3323.0,189.0,3512.0,15.4,0.0,20.0,24.599999999999998,0.0
2021-07-04,3330.0,168.0,3498.0,17.4,0.0,20.7,24.0,0.0
2021-07-05,3322.0,172.0,3494.0,18.9,0.09999999999999999,24.099999999999998,29.3,0.0
2021-07-06,3318.0,177.0,3495.0,24.099999999999998,0.0,28.599999999999998,33.2,0.0
2021-07-07,3339.0,157.0,3496.0,16.3,5.6,20.7,25.099999999999998,0.0
2021-07-08,3350.0,134.0,3484.0,15.5,26.8,17.2,18.9,0.0
2021-07-09,3353.0,236.0,3589.0,17.0,1.3,18.6,20.1,0.0
2021-07-10,3348.0,243.0,3591.0,14.6,0.0,19.5,24.4,0.0
2021-07-11,3345.0,236.0,3581.0,18.1,0.9,19.5,20.9,0.0
2021-07-12,3348.0,224.0,3572.0,19.7,0.0,21.9,24.2,0.0
2021-07-13,3336.0,245.0,3581.0,20.5,6.3,23.6,26.7,0.0
2021-07-14,3343.0,239.0,3582.0,20.4,0.0,24.5,28.5,0.0
2021-07-15,3339.0,233.0,3572.0,19.8,9.2,24.0,28.3,0.0
2021-07-16,3349.0,241.0,3590.0,18.5,0.0,21.3,24.1,0.0
2021-07-17,3364.0,222.0,3586.0,18.9,4.3,20.3,21.6,0.0
2021-07-18,3371.0,211.0,3582.0,19.2,0.0,24.3,29.4,0.0
2021-07-19,3358.0,219.0,3577.0,20.4,0.0,25.2,30.0,0.0
2021-07-20,3364.0,216.0,3580.0,20.4,0.0,25.2,30.0,0.0
2021-07-21,3377.0,208.0,3585.0,16.3,0.0,21.0,25.7,0.0
2021-07-22,3404.0,190.0,3594.0,15.8,0.0,20.7,25.6,0.0
2021-07-23,3392.0,203.0,3595.0,15.5,0.0,20.5,25.5,0.0
2021-07-24,3403.0,198.0,3601.0,18.0,21.1,20.7,23.4,0.0
2021-07-25,3401.0,198.0,3599.0,18.0,0.0,24.3,30.6,0.0
2021-07-26,3385.0,207.0,3592.0,18.4,0.0,24.1,29.7,0.0
2021-07-27,3392.0,203.0,3595.0,18.7,9.0,21.7,24.7,0.0
2021-07-28,3385.0,206.0,3591.0,18.7,0.0,21.2,23.6,0.0
2021-07-29,3399.0,179.0,3578.0,19.0,12.1,22.3,25.6,0.0
2021-07-30,3379.0,195.0,3574.0,14.0,0.0,17.6,21.2,0.0
2021-07-31,3398.0,183.0,3581.0,12.9,0.1,16.8,20.7,0.0
2021-08-01,3404.0,144.0,3548.0,15.7,0.3,18.9,22.0,0.0
2021-08-02,3396.0,149.0,3545.0,14.3,0.0,19.3,24.2,0.0
2021-08-03,3394.0,144.0,3538.0,14.4,0.0,20.4,26.4,0.0
2021-08-04,3393.0,155.0,3548.0,16.6,0.0,22.0,27.3,0.0
2021-08-05,3381.0,151.0,3532.0,17.5,0.0,22.7,28.0,0.0
2021-08-06,3371.0,172.0,3543.0,18.6,0.0,23.6,28.6,0.0
2021-08-07,3386.0,154.0,3540.0,20.6,1.1,24.1,27.6,0.0
2021-08-08,3379.0,158.0,3537.0,20.7,0.0,24.1,27.4,0.0
2021-08-09,3389.0,153.0,3542.0,22.4,0.0,27.0,31.6,0.0
2021-08-10,3387.0,151.0,3538.0,23.7,0.5,25.7,27.6,0.0
2021-08-11,3389.0,147.0,3536.0,22.8,0.6,27.2,31.599999999999998,0.0
2021-08-12,3389.0,146.0,3535.0,22.2,0.9,25.900000000000002,29.599999999999998,0.0
2021-08-13,3394.0,143.0,3537.0,20.9,0.0,24.900000000000002,28.8,0.0
2021-08-14,3390.0,146.0,3536.0,16.6,0.0,21.6,26.5,0.0
2021-08-15,3390.0,147.0,3537.0,14.700000000000001,0.0,19.2,23.7,0.0
2021-08-16,3395.0,152.0,3547.0,17.0,0.0,20.5,24.0,0.0
2021-08-17,3395.0,153.0,3548.0,21.6,0.0,24.8,28.0,0.0
2021-08-18,3396.0,144.0,3540.0,21.4,0.8,24.4,27.4,0.0
2021-08-19,3399.0,147.0,3546.0,20.6,0.0,25.7,30.8,0.0
2021-08-20,3398.0,153.0,3551.0,19.2,0.0,24.5,29.8,0.0
2021-08-21,3396.0,154.0,3550.0,23.1,0.0,26.2,29.3,0.0
2021-08-22,3404.0,140.0,3544.0,21.6,0.0,25.8,29.9,0.0
2021-08-23,3392.0,143.0,3535.0,22.0,0.0,27.2,32.3,0.0
2021-08-24,3397.0,123.0,3520.0,20.0,0.0,25.5,31.1,0.0
2021-08-25,3404.0,118.0,3522.0,22.9,0.0,26.5,30.0,0.0
2021-08-26,3411.0,122.0,3533.0,22.7,0.4,27.7,32.7,0.0
2021-08-27,3421.0,113.0,3534.0,21.9,0.0,24.4,26.8,0.0
2021-08-28,3424.0,106.0,3530.0,20.1,4.4,23.6,27.2,0.0
2021-08-29,3428.0,101.0,3529.0,22.0,2.6,26.4,30.8,0.0
2021-08-30,3425.0,104.0,3529.0,20.0,0.0,25.1,30.2,0.0
2021-08-31,3436.0,111.0,3547.0,18.1,0.0,22.5,26.9,0.0
2021-09-01,3422.0,127.0,3549.0,17.3,0.0,21.2,25.1,0.0
2021-09-02,3418.0,131.0,3549.0,13.0,0.0,17.7,22.4,0.0
2021-09-03,3422.0,135.0,3557.0,13.0,0.0,17.8,22.599999999999998,0.0
2021-09-04,3430.0,128.0,3558.0,14.0,2.9,19.5,25.0,0.0
2021-09-05,3425.0,132.0,3557.0,18.2,2.3,23.0,27.8,0.0
2021-09-06,3425.0,128.0,3553.0,14.4,3.5,19.2,24.0,0.0
2021-09-07,3445.0,123.0,3568.0,13.6,21.8,19.5,25.3,0.0
2021-09-08,3443.0,131.0,3574.0,16.3,19.0,21.4,26.5,0.0
2021-09-09,3453.0,86.0,3539.0,14.799999999999999,0.19999999999999998,18.5,22.2,0.0
2021-09-10,3450.0,86.0,3536.0,12.5,0.0,17.9,23.3,0.0
2021-09-11,3446.0,80.0,3526.0,14.0,0.0,19.8,25.7,0.0
2021-09-12,3444.0,81.0,3525.0,15.6,2.3,19.9,24.2,0.0
2021-09-13,3447.0,83.0,3530.0,13.3,0.0,17.9,22.4,0.0
2021-09-14,3434.0,92.0,3526.0,16.2,16.9,20.6,25.0,0.0
2021-09-15,3443.0,80.0,3523.0,16.7,0.0,19.7,22.7,0.0
2021-09-16,3448.0,76.0,3524.0,15.9,0.0,19.4,22.9,0.0
2021-09-17,3453.0,73.0,3526.0,16.6,0.0,21.4,26.2,0.0
2021-09-18,3448.0,68.0,3516.0,14.3,0.0,19.7,25.1,0.0
2021-09-19,3447.0,68.0,3515.0,14.1,0.0,17.6,21.1,0.0
2021-09-20,3432.0,83.0,3515.0,14.7,0.0,19.0,23.300000000000004,0.0
2021-09-21,3451.0,127.0,3578.0,19.3,6.200000000000001,22.4,25.5,0.0
2021-09-22,3452.0,120.0,3572.0,13.0,49.89999999999999,16.5,19.9,0.0
2021-09-23,3453.0,130.0,3583.0,13.2,4.2,16.0,18.7,0.0
2021-09-24,3456.0,119.0,3575.0,11.8,0.4,14.599999999999998,17.3,0.0
2021-09-25,3458.0,110.0,3568.0,11.0,3.3999999999999995,16.0,21.0,0.0
2021-09-26,3460.0,109.0,3569.0,9.0,3.3,14.7,20.5,0.0
2021-09-27,3470.0,97.0,3567.0,14.3,2.3,19.5,24.699999999999996,0.0
2021-09-28,3471.0,103.0,3574.0,10.8,0.0,14.099999999999998,17.4,0.0
2021-09-29,3466.0,101.0,3567.0,10.5,0.0,15.599999999999998,20.8,0.0
2021-09-30,3464.0,109.0,3573.0,9.9,0.0,12.900000000000002,15.900000000000002,0.0
2021-10-01,3455.0,129.0,3584.0,10.1,0.0,14.3,18.6,0.0
2021-10-02,3468.0,127.0,3595.0,13.5,0.1,19.0,24.4,0.0
2021-10-03,3483.0,105.0,3588.0,15.3,22.8,17.4,19.4,0.0
2021-10-04,3489.0,127.0,3616.0,14.599999999999998,4.2,15.400000000000002,16.2,0.0
2021-10-05,3497.0,124.0,3621.0,14.8,0.0,16.7,18.5,0.0
2021-10-06,3509.0,126.0,3635.0,15.099999999999998,0.0,16.5,18.0,0.0
2021-10-07,3526.0,120.0,3646.0,16.0,0.0,17.8,19.7,0.0
2021-10-08,3542.0,119.0,3661.0,16.1,0.0,17.9,19.8,0.0
2021-10-09,3553.0,103.0,3656.0,17.4,7.1,18.7,19.9,0.0
2021-10-10,3546.0,105.0,3651.0,16.6,8.4,18.6,20.5,0.0
2021-10-11,3553.0,101.0,3654.0,17.0,0.0,19.6,22.1,0.0
2021-10-12,3547.0,116.0,3663.0,16.8,0.0,19.5,22.1,0.0
2021-10-13,3550.0,130.0,3680.0,16.0,0.0,18.8,21.6,0.0
2021-10-14,3555.0,96.0,3651.0,14.8,1.4,18.2,21.6,0.0
2021-10-15,3567.0,90.0,3657.0,14.8,20.4,17.3,19.8,0.0
2021-10-16,3578.0,73.0,3651.0,10.3,1.8,12.9,15.4,0.0
2021-10-17,3566.0,85.0,3651.0,9.4,0.2,12.3,15.2,0.0
2021-10-18,3568.0,85.0,3653.0,6.3,0.0,9.9,13.4,0.0
2021-10-19,3560.0,96.0,3656.0,5.9,0.0,13.5,21.1,0.0
2021-10-20,3558.0,105.0,3663.0,11.9,0.8,15.0,18.2,0.0
2021-10-21,3571.0,100.0,3671.0,9.4,2.6,13.3,17.2,0.0
2021-10-22,3579.0,98.0,3677.0,5.1,0.0,7.3,9.5,0.0
2021-10-23,3583.0,95.0,3678.0,4.6,0.0,7.3,10.0,0.0
2021-10-24,3580.0,90.0,3670.0,5.3,1.8,9.2,13.1,0.0
2021-10-25,3588.0,86.0,3674.0,5.4,18.8,7.4,9.5,0.0
2021-10-26,3589.0,92.0,3681.0,5.3,6.7,7.4,9.5,0.0
2021-10-27,3617.0,103.0,3720.0,9.0,0.0,12.8,16.7,0.0
2021-10-28,3612.0,106.0,3718.0,7.6,0.0,9.2,10.8,0.0
2021-10-29,3630.0,92.0,3722.0,9.1,15.2,11.2,13.3,0.0
2021-10-30,3635.0,87.0,3722.0,8.4,18.6,9.2,10.1,0.0
2021-10-31,3631.0,90.0,3721.0,8.1,0.0,11.7,15.3,0.0
2021-11-01,3605.0,107.0,3712.0,8.1,0.0,11.7,15.3,0.0
2021-11-02,3626.0,98.0,3724.0,2.8,0.1,6.0,9.2,0.0
2021-11-03,3651.0,85.0,3736.0,1.4,0.0,4.6,7.9,0.0
2021-11-04,3657.0,92.0,3749.0,1.3,0.0,5.1,8.8,0.0
2021-11-05,3661.0,99.0,3760.0,0.0,0.0,5.0,10.0,0.0
2021-11-06,3671.0,86.0,3757.0,2.0,0.0,6.799999999999999,11.599999999999998,0.0
2021-11-07,3663.0,93.0,3756.0,4.4,0.0,10.3,16.2,0.0
2021-11-08,3682.0,92.0,3774.0,6.0,0.0,11.599999999999998,17.3,0.0
2021-11-09,3685.0,94.0,3779.0,8.4,2.4,11.7,14.900000000000002,0.0
2021-11-10,3682.0,89.0,3771.0,4.1,0.0,8.7,13.2,0.0
2021-11-11,3672.0,103.0,3775.0,7.0,0.4,10.0,13.0,0.0
2021-11-12,3684.0,109.0,3793.0,6.4,3.0,9.8,13.1,0.0
2021-11-13,3690.0,104.0,3794.0,4.0,0.0,5.9,7.8,0.0
2021-11-14,3697.0,95.0,3792.0,2.0,9.4,3.8,5.6,0.0
2021-11-15,3695.0,122.0,3817.0,1.3,0.7,3.6,5.9,0.0
2021-11-16,3721.0,103.0,3824.0,1.3,0.7,3.6000000000000005,5.9,0.0
2021-11-17,3718.0,109.0,3827.0,3.6000000000000005,0.9000000000000001,9.8,16.1,0.0
2021-11-18,3729.0,101.0,3830.0,2.4,0.2,8.5,14.5,1.0
2021-11-19,3740.0,122.0,3862.0,1.6,0.0,4.0,6.4,1.0
2021-11-20,3754.0,108.0,3862.0,1.5,0.3,4.2,6.799999999999999,1.0
2021-11-21,3738.0,116.0,3854.0,2.5,3.3999999999999995,5.6,8.6,0.0
2021-11-22,3738.0,111.0,3849.0,-0.9000000000000001,0.0,2.0,4.9,0.0
2021-11-23,3741.0,112.0,3853.0,-1.9,0.0,1.0,4.0,0.0
2021-11-24,3731.0,126.0,3857.0,-1.1,0.3,3.5,8.0,0.0
2021-11-25,3747.0,120.0,3867.0,4.8,9.0,6.200000000000001,7.6,1.0
2021-11-26,3764.0,145.0,3909.0,-1.8000000000000003,0.0,1.5,4.8,1.0
2021-11-27,3768.0,134.0,3902.0,-3.2,0.0,-0.8,1.5,1.0
2021-11-28,3782.0,117.0,3899.0,-2.8,7.799999999999999,-1.4,-0.1,1.0
2021-11-29,3780.0,112.0,3892.0,-4.6,1.3,-1.8000000000000003,1.1,9.0
2021-11-30,3784.0,106.0,3890.0,-2.1,1.6,0.8,3.7,6.0
2021-12-01,3766.0,122.0,3888.0,1.6999999999999997,0.0,3.8,5.799999999999999,3.0
2021-12-02,3746.0,127.0,3873.0,2.5,0.7,6.700000000000001,10.8,0.0
2021-12-03,3740.0,128.0,3868.0,0.5,0.0,1.5,2.6,1.0
2021-12-04,3741.0,127.0,3868.0,0.7,0.0,3.1000000000000005,5.5,0.0
2021-12-05,3733.0,135.0,3868.0,-0.2,14.7,2.3,4.8,0.0
2021-12-06,3777.0,179.0,3956.0,-0.9,2.5,4.7,10.3,1.0
2021-12-07,3859.0,144.0,4003.0,-5.0,0.0,-2.9,-0.7,0.0
2021-12-08,3885.0,121.0,4006.0,-5.2,2.0,-3.1,-1.0,0.0
2021-12-09,3850.0,113.0,3963.0,-4.3,1.5999999999999999,-1.1,2.2,2.0
2021-12-10,3826.0,115.0,3941.0,2.2,0.0,4.2,6.3,1.0
2021-12-11,3810.0,112.0,3922.0,2.7,16.4,9.3,16.0,0.0
2021-12-12,3791.0,100.0,3891.0,0.7,0.3,4.0,7.200000000000001,0.0
2021-12-13,3764.0,128.0,3892.0,3.8,0.0,6.799999999999999,9.8,0.0
2021-12-14,3772.0,134.0,3906.0,2.3,0.0,4.3,6.299999999999999,0.0
2021-12-15,3775.0,123.0,3898.0,4.2,1.0,8.1,11.9,0.0
2021-12-16,3780.0,138.0,3918.0,5.5,0.0,10.3,15.2,0.0
2021-12-17,3787.0,141.0,3928.0,0.8,0.0,3.3,5.9,0.0
2021-12-18,3785.0,144.0,3929.0,-2.9,8.2,-0.8,1.4,0.0
2021-12-19,3804.0,118.0,3922.0,-5.3,0.0,-3.9,-2.5,7.0
2021-12-20,3794.0,139.0,3933.0,-5.3,0.0,-0.6,4.2,5.0
2021-12-21,3792.0,122.0,3914.0,0.4,0.0,2.5,4.7,4.0
2021-12-22,3784.0,132.0,3916.0,-3.3,0.4,0.7,4.6,2.0
2021-12-23,3762.0,149.0,3911.0,-4.9,4.1,-2.4,0.1,2.0
2021-12-24,3771.0,122.0,3893.0,-0.1,0.3,1.9,3.8,5.0
2021-12-25,3763.0,126.0,3889.0,3.3,4.8,5.4,7.4,0.0
2021-12-26,3756.0,120.0,3876.0,-4.9,0.0,-0.2,4.4,1.0
2021-12-27,3749.0,120.0,3869.0,-5.3,1.9,-2.0,1.3,0.0
2021-12-28,3733.0,128.0,3861.0,-0.1,0.3,1.5,3.1,3.0
2021-12-29,3738.0,101.0,3839.0,0.7,0.1,2.0,3.3,1.0
2021-12-30,3720.0,115.0,3835.0,1.7,0.0,2.6,3.5,0.0
2021-12-31,3712.0,105.0,3817.0,2.7,0.0,4.9,7.1,1.0
2022-01-01,3717.0,79.0,3796.0,-2.1,2.4,1.5,5.1,0.0
2022-01-02,3727.0,74.0,3801.0,-10.5,2.0,-6.299999999999999,-2.1,3.0
2022-01-03,3790.0,121.0,3911.0,-12.9,0.0,-8.4,-4.0,3.0
2022-01-04,3743.0,97.0,3840.0,-5.7,0.0,-1.2,3.3000000000000003,3.0
2022-01-05,3733.0,96.0,3829.0,-4.5,0.3,0.2,4.9,3.0
2022-01-06,3747.0,86.0,3833.0,-6.3,0.0,-3.9,-1.5,0.0
2022-01-07,3794.0,157.0,3951.0,-11.6,0.0,-8.1,-4.5,1.0
2022-01-08,3861.0,87.0,3948.0,-12.6,0.5,-5.4,1.9,0.0
2022-01-09,3870.0,77.0,3947.0,-6.6,0.2,-1.1,4.3,0.0
2022-01-10,3905.0,90.0,3995.0,-17.4,0.1,-11.8,-6.2,0.0
2022-01-11,3923.0,83.0,4006.0,-20.0,0.0,-10.8,-1.7,0.0
2022-01-12,3914.0,91.0,4005.0,-1.7,0.0,0.3,2.4,0.0
2022-01-13,3908.0,103.0,4011.0,-0.8,0.0,0.6,2.0,0.0
2022-01-14,3936.0,137.0,4073.0,-18.1,0.0,-9.2,-0.3,0.0
2022-01-15,4012.0,128.0,4140.0,-20.4,0.0,-16.5,-12.599999999999998,0.0
2022-01-16,4019.0,144.0,4163.0,-13.4,3.1,-6.6,0.3,0.0
2022-01-17,3999.0,128.0,4127.0,-5.0,36.2,-3.6,-2.3,25.0
2022-01-18,4002.0,138.0,4140.0,-10.1,0.8,-5.0,0.2,32.0
2022-01-19,4019.0,115.0,4134.0,-7.3,0.0,-1.4,4.6,30.0
2022-01-20,4019.0,123.0,4142.0,-16.4,0.0,-11.900000000000002,-7.299999999999999,24.0
2022-01-21,4031.0,112.0,4143.0,-17.7,0.1,-13.3,-8.9,23.0
2022-01-22,4043.0,100.0,4143.0,-12.4,0.0,-8.1,-3.8,22.0
2022-01-23,4045.0,101.0,4146.0,-14.5,0.1,-9.3,-4.1,20.0
2022-01-24,4041.0,125.0,4166.0,-14.7,4.7,-9.2,-3.8,20.0
2022-01-25,4057.0,47.0,4104.0,-12.3,0.0,-8.9,-5.4,24.0
2022-01-26,4066.0,44.0,4110.0,-14.0,0.1,-11.3,-8.6,24.0
2022-01-27,4064.0,60.0,4124.0,-9.0,0.0,-6.0,-3.1,20.0
2022-01-28,4061.0,83.0,4144.0,-16.2,0.0,-9.7,-3.2,21.0
2022-01-29,4070.0,93.0,4163.0,-18.6,0.0,-14.2,-9.8,21.0
2022-01-30,4074.0,94.0,4168.0,-12.3,0.0,-8.2,-4.2,21.0
2022-01-31,4096.0,76.0,4172.0,-5.7,0.0,-3.2,-0.7,20.0
2022-02-01,4088.0,81.0,4169.0,-2.4,0.0,1.4,5.3,20.0
2022-02-02,4078.0,105.0,4183.0,-2.6,12.6,1.1,4.8,18.0
2022-02-03,4118.0,71.0,4189.0,-9.6,3.5,-5.9,-2.1,19.0
2022-02-04,4129.0,93.0,4222.0,-12.1,0.7,-10.3,-8.5,21.0
2022-02-05,4153.0,71.0,4224.0,-13.8,0.0,-10.0,-6.3,21.0
2022-02-06,4164.0,53.0,4217.0,-6.3,0.0,-3.1,0.2,21.0
2022-02-07,4145.0,69.0,4214.0,-1.0,0.0,1.1,3.3,20.0
2022-02-08,4138.0,52.0,4190.0,-3.9,0.0,-1.5,1.0,19.0
2022-02-09,4132.0,47.0,4179.0,-2.7,0.0,1.4,5.4,18.0
2022-02-10,4118.0,62.0,4180.0,0.3,0.0,1.9,3.6,17.0
2022-02-11,4142.0,61.0,4203.0,-0.1,3.5,2.0,4.1,17.0
2022-02-12,4154.0,50.0,4204.0,-12.7,0.6,-4.7,3.2,14.0
2022-02-13,4164.0,37.0,4201.0,-15.6,0.0,-12.0,-8.3,14.0
2022-02-14,4159.0,46.0,4205.0,-15.3,0.0,-12.1,-8.9,14.0
2022-02-15,4163.0,42.0,4205.0,-9.6,0.0,-6.0,-2.5,14.0
2022-02-16,4147.0,48.0,4195.0,-2.9,0.2,3.0,8.9,14.0
2022-02-17,4169.0,41.0,4210.0,-4.3,35.8,1.9,8.0,4.0
2022-02-18,4179.0,39.0,4218.0,-10.3,2.3,-6.6,-2.9,17.0
2022-02-19,4179.0,43.0,4222.0,-9.1,1.5,-5.2,-1.3,16.0
2022-02-20,4176.0,39.0,4215.0,-8.1,0.0,-0.3,7.5,13.0
2022-02-21,4173.0,43.0,4216.0,0.0,0.0,3.4,6.7,10.0
2022-02-22,4179.0,46.0,4225.0,-0.1,9.4,4.4,9.0,6.0
2022-02-23,4173.0,56.0,4229.0,-9.4,0.0,0.0,9.4,2.0
2022-02-24,4180.0,44.0,4224.0,-10.6,0.0,-8.0,-5.4,2.0
2022-02-25,4170.0,53.0,4223.0,-9.9,4.0,-7.4,-4.9,4.0
2022-02-26,4165.0,46.0,4211.0,-10.5,0.0,-6.0,-1.4,6.0
2022-02-27,4161.0,45.0,4206.0,-7.2,0.0,-2.8,1.5,6.0
2022-02-28,4162.0,43.0,4205.0,-11.1,0.0,-6.9,-2.7,5.0
2022-03-01,4151.0,45.0,4196.0,-2.7,0.0,1.7,6.0,6.0
2022-03-02,4147.0,36.0,4183.0,-4.0,0.5,-0.1,3.8,4.0
2022-03-03,4163.0,30.0,4193.0,-9.1,0.0,-6.5,-4.0,3.0
2022-03-04,4152.0,44.0,4196.0,-8.4,0.0,-3.3,1.8,3.0
2022-03-05,4152.0,35.0,4187.0,-1.8,0.0,1.0,3.7,3.0
2022-03-06,4144.0,31.0,4175.0,3.2,1.9,10.2,17.3,1.0
2022-03-07,4102.0,54.0,4156.0,-0.5,5.4,1.8,4.2,1.0
2022-03-08,4049.0,26.0,4075.0,-2.0,0.0,0.9,3.6999999999999997,1.0
2022-03-09,4059.0,67.0,4126.0,-0.2,0.0,2.1,4.4,1.0
2022-03-10,4098.0,22.0,4120.0,-1.2,0.0,1.4,3.9,1.0
2022-03-11,4097.0,71.0,4168.0,-2.5,4.1,-1.0,0.4,1.0
2022-03-12,4110.0,49.0,4159.0,-7.9,0.2,-4.8,-1.8,2.0
2022-03-13,4123.0,37.0,4160.0,-8.9,0.4,-4.0,0.8,2.0
2022-03-14,4111.0,41.0,4152.0,-2.4,0.0,2.3,7.0,2.0
2022-03-15,4115.0,31.0,4146.0,0.9000000000000001,10.8,2.0,3.0,1.0
2022-03-16,4087.0,35.0,4122.0,0.2,0.0,1.9,3.5,0.0
2022-03-17,4072.0,37.0,4109.0,0.8,0.0,8.5,16.1,1.0
2022-03-18,4070.0,40.0,4110.0,8.6,0.1,12.2,15.8,0.0
2022-03-19,4069.0,37.0,4106.0,4.6,6.3,6.7,8.8,0.0
2022-03-20,4069.0,35.0,4104.0,3.0,0.7,7.6,12.3,0.0
2022-03-21,4073.0,38.0,4111.0,1.8,0.0,8.2,14.5,0.0
2022-03-22,4070.0,38.0,4108.0,0.4,0.0,2.8,5.2,0.0
2022-03-23,4090.0,34.0,4124.0,1.4,19.5,2.6,3.8,0.0
2022-03-24,4086.0,38.0,4124.0,3.5,0.0,7.2,10.8,0.0
2022-03-25,4089.0,41.0,4130.0,3.7,0.0,5.2,6.700000000000001,1.0
2022-03-26,4078.0,42.0,4120.0,0.0,1.6999999999999997,3.8999999999999995,7.9,1.0
2022-03-27,4072.0,41.0,4113.0,-7.3,1.0,-3.7,0.0,0.0
2022-03-28,4067.0,26.0,4093.0,-10.1,0.0,-7.4,-4.7,0.0
2022-03-29,4060.0,30.0,4090.0,-6.8,0.0,-2.1,2.7,1.0
2022-03-30,4046.0,36.0,4082.0,-1.9,3.0,1.9,5.7,0.0
2022-03-31,4027.0,39.0,4066.0,4.4,0.3,10.4,16.5,0.0
2022-04-01,4011.0,38.0,4049.0,-0.5,1.7,1.9000000000000001,4.4,0.0
2022-04-02,4019.0,43.0,4062.0,-1.2,0.0,2.3,5.8,0.0
2022-04-03,4019.0,35.0,4054.0,1.3,0.0,4.4,7.6,0.0
2022-04-04,4021.0,104.0,4125.0,-0.1,0.0,3.9,7.8,0.0
2022-04-05,4002.0,161.0,4163.0,3.7,0.5,7.5,11.4,0.0
2022-04-06,4020.0,135.0,4155.0,7.4,5.5,9.3,11.2,0.0
2022-04-07,4027.0,119.0,4146.0,6.1,1.6,9.6,13.1,0.0
2022-04-08,4017.0,121.0,4138.0,3.5,1.0,6.7,9.9,0.0
2022-04-09,4034.0,126.0,4160.0,2.3,0.0,5.4,8.5,0.0
2022-04-10,4027.0,126.0,4153.0,1.9,0.0,5.6,9.3,0.0
2022-04-11,3997.0,132.0,4129.0,3.4,0.19999999999999998,7.1000000000000005,10.8,0.0
2022-04-12,4003.0,117.0,4120.0,7.1000000000000005,0.0,11.4,15.700000000000001,0.0
2022-04-13,3997.0,118.0,4115.0,9.2,3.1,12.9,16.5,0.0
2022-04-14,3990.0,112.0,4102.0,7.8999999999999995,0.09999999999999999,11.2,14.6,0.0
2022-04-15,3992.0,114.0,4106.0,4.0,0.8,9.0,14.0,0.0
2022-04-16,3987.0,120.0,4107.0,0.7,0.0,4.2,7.7,0.0
2022-04-17,3988.0,120.0,4108.0,-0.3,0.0,4.3,8.9,0.0
2022-04-18,3985.0,121.0,4106.0,0.6,13.6,3.3000000000000003,5.8999999999999995,0.0
2022-04-19,3994.0,116.0,4110.0,2.2,0.9,4.7,7.1000000000000005,0.0
2022-04-20,3974.0,107.0,4081.0,2.5,0.0,6.4,10.3,0.0
2022-04-21,3969.0,42.0,4011.0,5.5,4.3,10.8,16.0,0.0
2022-04-22,3958.0,36.0,3994.0,4.6,0.0,8.2,11.7,0.0
2022-04-23,3958.0,35.0,3993.0,6.6,0.1,8.1,9.7,0.0
2022-04-24,3961.0,36.0,3997.0,7.6,0.0,11.1,14.7,0.0
2022-04-25,3959.0,33.0,3992.0,10.3,8.9,14.8,19.2,0.0
2022-04-26,3961.0,52.0,4013.0,2.4,2.5,7.200000000000001,11.900000000000002,0.0
2022-04-27,3989.0,39.0,4028.0,0.4,0.0,2.8,5.2,0.0
2022-04-28,3991.0,35.0,4026.0,-0.5,0.0,5.2,10.8,0.0
2022-04-29,3981.0,35.0,4016.0,1.8,0.0,7.1,12.3,0.0
2022-04-30,3975.0,31.0,4006.0,6.6,0.0,9.9,13.1,0.0
2022-05-01,3955.0,40.0,3995.0,6.9,1.4,9.1,11.2,0.0
2022-05-02,3964.0,28.0,3992.0,8.5,0.0,11.0,13.6,0.0
2022-05-03,3955.0,33.0,3988.0,8.8,12.8,10.9,13.1,0.0
2022-05-04,3957.0,26.0,3983.0,9.6,4.3,13.2,16.8,0.0
2022-05-05,3962.0,22.0,3984.0,8.0,0.0,11.3,14.7,0.0
2022-05-06,3971.0,11.0,3982.0,9.8,0.0,12.8,15.7,0.0
2022-05-07,3971.0,12.0,3983.0,7.9,0.0,10.5,13.1,0.0
2022-05-08,3969.0,14.0,3983.0,8.6,0.0,12.4,16.1,0.0
2022-05-09,3973.0,17.0,3990.0,10.2,0.0,14.9,19.6,0.0
2022-05-10,3977.0,10.0,3987.0,11.5,0.0,16.0,20.5,0.0
2022-05-11,3982.0,9.0,3991.0,13.0,0.0,18.2,23.3,0.0
2022-05-12,3976.0,26.0,4002.0,14.3,0.0,19.2,24.1,0.0
2022-05-13,3972.0,17.0,3989.0,14.2,0.0,20.6,26.9,0.0
2022-05-14,3953.0,31.0,3984.0,16.6,0.0,21.8,27.0,0.0
2022-05-15,3956.0,25.0,3981.0,15.5,0.0,22.3,29.1,0.0
2022-05-16,3960.0,17.0,3977.0,12.2,3.5,16.5,20.7,0.0
2022-05-17,3962.0,22.0,3984.0,8.1,0.0,12.8,17.5,0.0
2022-05-18,3963.0,18.0,3981.0,7.2,0.0,10.9,14.6,0.0
2022-05-19,3970.0,13.0,3983.0,9.4,1.3,14.7,20.0,0.0
2022-05-20,3975.0,31.0,4006.0,11.6,0.0,17.6,23.5,0.0
2022-05-21,3991.0,28.0,4019.0,16.6,1.5,22.0,27.4,0.0
2022-05-22,3995.0,26.0,4021.0,9.2,0.1,13.8,18.3,0.0
2022-05-23,4000.0,26.0,4026.0,8.0,0.0,12.1,16.2,0.0
2022-05-24,4007.0,30.0,4037.0,8.7,0.0,13.8,18.8,0.0
2022-05-25,4010.0,26.0,4036.0,11.7,0.0,15.4,19.1,0.0
2022-05-26,4010.0,25.0,4035.0,14.2,0.2,20.1,26.0,0.0
2022-05-27,4008.0,20.0,4028.0,16.2,3.2,19.2,22.2,0.0
2022-05-28,4007.0,27.0,4034.0,13.8,0.3,18.1,22.4,0.0
2022-05-29,4010.0,23.0,4033.0,15.5,0.0,19.9,24.4,0.0
2022-05-30,4008.0,28.0,4036.0,16.8,0.0,23.2,29.7,0.0
2022-05-31,4006.0,24.0,4030.0,19.3,0.0,25.7,32.2,0.0
2022-06-01,3990.0,29.0,4019.0,14.4,4.0,20.1,25.7,0.0
2022-06-02,3989.0,30.0,4019.0,11.9,0.0,16.5,21.1,0.0
2022-06-03,3996.0,28.0,4024.0,10.8,0.0,17.1,23.3,0.0
2022-06-04,3993.0,22.0,4015.0,9.1,0.0,15.4,21.6,0.0
2022-06-05,3993.0,22.0,4015.0,11.5,0.2,17.6,23.7,0.0
2022-06-06,3999.0,22.0,4021.0,13.8,7.5,16.8,19.9,0.0
2022-06-07,4015.0,19.0,4034.0,13.0,31.7,17.0,21.0,0.0
2022-06-08,4014.0,23.0,4037.0,12.2,2.2,17.3,22.3,0.0
2022-06-09,4015.0,22.0,4037.0,13.9,5.6,18.1,22.3,0.0
2022-06-10,4030.0,20.0,4050.0,12.8,0.0,18.3,23.9,0.0
2022-06-11,4038.0,23.0,4061.0,15.4,0.0,19.5,23.6,0.0
2022-06-12,4038.0,22.0,4060.0,15.0,2.1,19.4,23.8,0.0
2022-06-13,4047.0,20.0,4067.0,12.5,0.0,16.9,21.3,0.0
2022-06-14,4038.0,29.0,4067.0,17.4,0.0,20.8,24.3,0.0
2022-06-15,4036.0,36.0,4072.0,17.9,0.2,21.6,25.4,0.0
2022-06-16,4054.0,28.0,4082.0,19.0,0.0,25.7,32.5,0.0
2022-06-17,4057.0,22.0,4079.0,13.7,0.0,20.6,27.4,0.0
2022-06-18,4058.0,20.0,4078.0,11.4,0.0,15.5,19.7,0.0
2022-06-19,4050.0,25.0,4075.0,10.3,0.0,16.6,22.9,0.0
2022-06-20,4043.0,34.0,4077.0,15.0,0.0,19.1,23.2,0.0
2022-06-21,4054.0,22.0,4076.0,17.7,0.0,23.6,29.4,0.0
2022-06-22,4051.0,24.0,4075.0,18.7,0.0,27.2,35.8,0.0
2022-06-23,4046.0,24.0,4070.0,16.8,0.0,22.5,28.3,0.0
2022-06-24,4051.0,23.0,4074.0,15.1,0.0,21.5,28.0,0.0
2022-06-25,4046.0,27.0,4073.0,18.4,0.0,24.0,29.6,0.0
2022-06-26,4048.0,26.0,4074.0,19.8,4.6,24.1,28.5,0.0
2022-06-27,4044.0,27.0,4071.0,13.7,0.0,18.0,22.3,0.0
2022-06-28,4050.0,21.0,4071.0,11.6,0.0,17.3,22.9,0.0
2022-06-29,4052.0,19.0,4071.0,14.8,2.8,18.6,22.5,0.0
2022-06-30,4041.0,30.0,4071.0,15.0,0.0,20.4,25.8,0.0
2022-07-01,4040.0,23.0,4063.0,20.2,0.3,24.2,28.3,0.0
2022-07-02,4046.0,25.0,4071.0,15.3,0.0,22.4,29.4,0.0
2022-07-03,4047.0,19.0,4066.0,15.4,0.0,20.6,25.9,0.0
2022-07-04,4044.0,25.0,4069.0,16.5,0.0,21.2,25.9,0.0
2022-07-05,4043.0,23.0,4066.0,18.4,5.4,22.7,27.099999999999998,0.0
2022-07-06,4023.0,41.0,4064.0,17.9,0.0,20.4,22.9,0.0
2022-07-07,4030.0,40.0,4070.0,16.6,0.0,21.1,25.6,0.0
2022-07-08,4041.0,34.0,4075.0,17.9,0.0,22.5,27.2,0.0
2022-07-09,4050.0,30.0,4080.0,14.5,0.0,18.8,23.1,0.0
2022-07-10,4041.0,35.0,4076.0,14.4,0.0,21.0,27.6,0.0
2022-07-11,4041.0,30.0,4071.0,16.6,0.9,23.1,29.6,0.0
2022-07-12,4043.0,30.0,4073.0,19.1,1.8,23.5,28.0,0.0
2022-07-13,4048.0,38.0,4086.0,16.9,0.3,20.5,24.2,0.0
2022-07-14,4048.0,40.0,4088.0,15.7,0.0,21.0,26.2,0.0
2022-07-15,4047.0,39.0,4086.0,15.9,0.0,21.3,26.6,0.0
2022-07-16,4052.0,33.0,4085.0,18.4,0.0,23.8,29.2,0.0
2022-07-17,4045.0,37.0,4082.0,19.3,0.0,24.1,28.8,0.0
2022-07-18,4036.0,36.0,4072.0,19.9,27.3,23.6,27.3,0.0
2022-07-19,4043.0,33.0,4076.0,19.9,0.0,27.6,35.2,0.0
2022-07-20,4042.0,38.0,4080.0,22.8,0.0,26.5,30.2,0.0
2022-07-21,4041.0,33.0,4074.0,22.1,0.0,26.6,31.2,0.0
2022-07-22,4034.0,33.0,4067.0,20.0,0.0,25.6,31.1,0.0
2022-07-23,4037.0,35.0,4072.0,21.2,0.0,25.8,30.5,0.0
2022-07-24,4039.0,27.0,4066.0,21.1,22.0,24.5,27.8,0.0
2022-07-25,4045.0,27.0,4072.0,17.0,0.0,20.3,23.5,0.0
2022-07-26,4044.0,27.0,4071.0,15.3,0.0,19.9,24.5,0.0
2022-07-27,4043.0,36.0,4079.0,17.1,0.0,21.7,26.4,0.0
2022-07-28,4040.0,29.0,4069.0,20.1,0.7999999999999999,24.5,29.0,0.0
2022-07-29,4045.0,21.0,4066.0,16.8,0.0,22.6,28.5,0.0
2022-07-30,4033.0,17.0,4050.0,17.1,0.0,21.3,25.6,0.0
2022-07-31,4030.0,18.0,4048.0,17.7,0.0,22.6,27.4,0.0
2022-08-01,4013.0,23.0,4036.0,18.4,0.6,22.8,27.3,0.0
2022-08-02,4030.0,25.0,4055.0,17.6,0.0,22.3,26.9,0.0
2022-08-03,4047.0,17.0,4064.0,16.3,0.4,22.4,28.5,0.0
2022-08-04,4056.0,27.0,4083.0,21.1,16.1,24.3,27.599999999999998,0.0
2022-08-05,4044.0,32.0,4076.0,21.2,0.0,25.2,29.2,0.0
2022-08-06,4055.0,31.0,4086.0,21.7,0.0,26.099999999999998,30.5,0.0
2022-08-07,4047.0,27.0,4074.0,23.2,0.0,27.3,31.4,0.0
2022-08-08,4049.0,37.0,4086.0,20.0,1.2,24.3,28.599999999999998,0.0
2022-08-09,4044.0,33.0,4077.0,18.6,0.0,20.7,22.7,0.0
2022-08-10,4053.0,27.0,4080.0,17.3,0.0,22.0,26.599999999999998,0.0
2022-08-11,4058.0,25.0,4083.0,16.5,0.0,21.6,26.7,0.0
2022-08-12,4066.0,26.0,4092.0,15.1,0.0,20.9,26.7,0.0
2022-08-13,4063.0,22.0,4085.0,13.6,0.0,19.4,25.2,0.0
2022-08-14,4061.0,19.0,4080.0,17.3,0.0,21.4,25.400000000000002,0.0
2022-08-15,4068.0,20.0,4088.0,18.9,0.0,23.0,27.099999999999998,0.0
2022-08-16,4077.0,10.0,4087.0,19.3,0.0,23.5,27.8,0.0
2022-08-17,4080.0,15.0,4095.0,18.6,0.0,23.1,27.7,0.0
2022-08-18,4086.0,17.0,4103.0,18.5,0.0,24.0,29.6,0.0
2022-08-19,4087.0,15.0,4102.0,17.9,0.4,23.2,28.5,0.0
2022-08-20,4088.0,18.0,4106.0,19.5,0.8,24.8,30.0,0.0
2022-08-21,4085.0,21.0,4106.0,19.5,10.4,22.8,26.2,0.0
2022-08-22,4084.0,23.0,4107.0,19.6,28.7,22.2,24.7,0.0
2022-08-23,4095.0,18.0,4113.0,19.4,0.0,24.3,29.1,0.0
2022-08-24,4104.0,15.0,4119.0,17.4,0.0,23.1,28.7,0.0
2022-08-25,4091.0,10.0,4101.0,19.1,2.7,21.7,24.400000000000002,0.0
2022-08-26,4089.0,17.0,4106.0,16.9,0.0,22.0,27.0,0.0
2022-08-27,4095.0,8.0,4103.0,14.0,0.0,18.6,23.1,0.0
2022-08-28,4092.0,13.0,4105.0,17.8,0.0,22.9,28.099999999999998,0.0
2022-08-29,4096.0,18.0,4114.0,21.3,0.0,25.400000000000002,29.599999999999998,0.0
2022-08-30,4104.0,19.0,4123.0,18.5,3.1999999999999997,22.1,25.7,0.0
2022-08-31,4106.0,16.0,4122.0,16.2,0.0,21.7,27.3,0.0
2022-09-01,4087.0,16.0,4103.0,12.5,0.0,17.3,22.1,0.0
2022-09-02,4096.0,18.0,4114.0,16.4,0.0,21.8,27.3,0.0
2022-09-03,4098.0,16.0,4114.0,19.0,0.19999999999999998,23.900000000000002,28.8,0.0
2022-09-04,4091.0,17.0,4108.0,16.2,0.09999999999999999,19.1,22.0,0.0
2022-09-05,4094.0,15.0,4109.0,16.3,0.0,18.6,20.9,0.0
2022-09-06,4103.0,15.0,4118.0,15.200000000000001,0.0,19.3,23.4,0.0
2022-09-07,4113.0,20.0,4133.0,17.0,0.0,20.5,24.099999999999998,0.0
2022-09-08,4118.0,16.0,4134.0,16.3,0.0,21.1,25.8,0.0
2022-09-09,4135.0,14.0,4149.0,16.5,0.0,21.9,27.2,0.0
2022-09-10,4133.0,15.0,4148.0,19.7,0.0,23.1,26.5,0.0
2022-09-11,4130.0,16.0,4146.0,20.4,0.0,21.9,23.4,0.0
2022-09-12,4125.0,17.0,4142.0,17.9,5.3,20.9,23.8,0.0
2022-09-13,4118.0,28.0,4146.0,13.799999999999999,0.39999999999999997,17.4,21.0,0.0
2022-09-14,4134.0,19.0,4153.0,12.299999999999999,0.0,18.8,25.2,0.0
2022-09-15,4145.0,22.0,4167.0,10.3,0.0,14.4,18.4,0.0
2022-09-16,4153.0,14.0,4167.0,12.6,0.0,17.6,22.6,0.0
2022-09-17,4155.0,15.0,4170.0,17.4,0.0,20.4,23.5,0.0
2022-09-18,4158.0,10.0,4168.0,19.8,3.5,23.5,27.099999999999998,0.0
2022-09-19,4150.0,11.0,4161.0,16.6,4.2,21.9,27.2,0.0
2022-09-20,4151.0,16.0,4167.0,15.9,0.0,21.0,26.099999999999998,0.0
2022-09-21,4160.0,23.0,4183.0,16.8,0.0,22.0,27.3,0.0
2022-09-22,4171.0,12.0,4183.0,8.9,0.0,13.700000000000001,18.4,0.0
2022-09-23,4174.0,18.0,4192.0,6.7,0.0,11.5,16.2,0.0
2022-09-24,4178.0,14.0,4192.0,7.8999999999999995,0.0,12.799999999999999,17.6,0.0
2022-09-25,4172.0,18.0,4190.0,13.299999999999999,39.2,15.6,17.9,0.0
2022-09-26,4185.0,10.0,4195.0,11.3,3.9,14.4,17.6,0.0
2022-09-27,4191.0,10.0,4201.0,12.200000000000001,4.0,14.700000000000001,17.3,0.0
2022-09-28,4197.0,15.0,4212.0,10.1,0.0,12.1,14.1,0.0
2022-09-29,4189.0,16.0,4205.0,8.9,0.0,11.8,14.700000000000001,0.0
2022-09-30,4198.0,11.0,4209.0,8.0,0.0,12.6,17.3,0.0
2022-10-01,4186.0,13.0,4199.0,10.3,0.0,14.8,19.3,0.0
2022-10-02,4176.0,17.0,4193.0,7.6,0.0,11.8,15.9,0.0
2022-10-03,4157.0,19.0,4176.0,6.7,0.0,10.6,14.5,0.0
2022-10-04,4170.0,20.0,4190.0,7.1000000000000005,0.0,12.799999999999999,18.4,0.0
2022-10-05,4166.0,21.0,4187.0,10.2,0.0,15.4,20.7,0.0
2022-10-06,4172.0,21.0,4193.0,13.799999999999999,0.19999999999999998,17.6,21.4,0.0
2022-10-07,4183.0,15.0,4198.0,4.4,0.3,9.8,15.1,0.0
2022-10-08,4178.0,15.0,4193.0,3.6,0.0,7.5,11.3,0.0
2022-10-09,4171.0,15.0,4186.0,7.7,0.0,11.4,15.200000000000001,0.0
2022-10-10,4168.0,14.0,4182.0,7.7,0.0,10.9,14.1,0.0
2022-10-11,4168.0,19.0,4187.0,6.8,0.0,14.1,21.4,0.0
2022-10-12,4159.0,23.0,4182.0,14.5,3.4,17.0,19.5,0.0
2022-10-13,4163.0,20.0,4183.0,7.7,11.0,11.6,15.5,0.0
2022-10-14,4180.0,20.0,4200.0,7.4,0.5,10.5,13.6,0.0
2022-10-15,4173.0,16.0,4189.0,7.3,1.5,10.8,14.4,0.0
2022-10-16,4181.0,19.0,4200.0,6.2,0.0,10.5,14.8,0.0
2022-10-17,4177.0,25.0,4202.0,5.5,0.6,8.0,10.6,0.0
2022-10-18,4185.0,17.0,4202.0,2.2,2.0,5.7,9.2,0.0
2022-10-19,4183.0,20.0,4203.0,4.4,1.0,6.7,9.0,0.0
2022-10-20,4180.0,17.0,4197.0,2.2,0.0,4.9,7.6,0.0
2022-10-21,4171.0,28.0,4199.0,2.0,0.0,8.9,15.799999999999999,0.0
2022-10-22,4182.0,21.0,4203.0,10.1,0.0,14.700000000000001,19.3,0.0
2022-10-23,4181.0,24.0,4205.0,9.6,0.0,13.9,18.2,0.0
2022-10-24,4177.0,14.0,4191.0,8.7,0.0,13.799999999999999,19.0,0.0
2022-10-25,4170.0,18.0,4188.0,10.7,0.0,14.5,18.3,0.0
2022-10-26,4170.0,17.0,4187.0,7.6000000000000005,7.8999999999999995,11.7,15.9,0.0
2022-10-27,4161.0,19.0,4180.0,7.6000000000000005,7.8999999999999995,11.7,15.9,0.0
2022-10-28,4163.0,19.0,4182.0,4.1,0.0,7.1000000000000005,10.2,0.0
2022-10-29,4172.0,15.0,4187.0,4.3,0.0,9.7,15.1,0.0
2022-10-30,4169.0,19.0,4188.0,5.5,0.0,10.2,14.9,0.0
2022-10-31,4170.0,26.0,4196.0,8.2,3.6,10.2,12.1,0.0
2022-11-01,4159.0,22.0,4181.0,9.5,4.9,14.5,19.4,0.0
2022-11-02,4135.0,15.0,4150.0,7.6000000000000005,0.0,10.7,13.9,0.0
2022-11-03,4121.0,22.0,4143.0,7.3,0.0,9.3,11.3,0.0
2022-11-04,4115.0,15.0,4130.0,8.3,0.0,13.700000000000001,19.0,0.0
2022-11-05,4108.0,18.0,4126.0,14.4,2.2,18.8,23.1,0.0
2022-11-06,4101.0,20.0,4121.0,11.7,0.0,14.700000000000001,17.8,0.0
2022-11-07,4099.0,25.0,4124.0,4.8,0.0,9.3,13.700000000000001,0.0
2022-11-08,4100.0,19.0,4119.0,4.2,0.0,7.1000000000000005,10.1,0.0
2022-11-09,4099.0,20.0,4119.0,5.3,0.0,8.9,12.6,0.0
2022-11-10,4094.0,17.0,4111.0,9.0,0.0,13.5,18.0,0.0
2022-11-11,4081.0,21.0,4102.0,12.0,8.3,13.5,15.1,1.0
2022-11-12,4076.0,18.0,4094.0,3.8000000000000003,0.6,7.8999999999999995,12.0,0.0
2022-11-13,4062.0,23.0,4085.0,-0.5,0.0,2.0,4.5,0.0
2022-11-14,4083.0,18.0,4101.0,-0.5,0.0,1.8,4.2,0.0
2022-11-15,4087.0,23.0,4110.0,-1.1,17.6,0.6,2.3,0.0
2022-11-16,4111.0,17.0,4128.0,-1.1,9.1,0.3,1.7,9.0
2022-11-17,4115.0,19.0,4134.0,-1.7,0.1,0.1,1.9,8.0
2022-11-18,4148.0,18.0,4166.0,-1.4,0.0,0.6,2.6,8.0
2022-11-19,4152.0,12.0,4164.0,-3.9,0.1,-2.0,-0.2,7.0
2022-11-20,4169.0,12.0,4181.0,-5.5,0.2,-3.8,-2.0,7.0
2022-11-21,4178.0,16.0,4194.0,-5.2,0.0,1.1,7.299999999999999,7.0
2022-11-22,4190.0,26.0,4216.0,0.0,0.0,2.7,5.4,4.0
2022-11-23,4192.0,38.0,4230.0,-0.2,0.0,3.6000000000000005,7.4,3.0
2022-11-24,4217.0,31.0,4248.0,1.2,0.0,4.7,8.2,3.0
2022-11-25,4228.0,33.0,4261.0,4.0,0.9000000000000001,6.0,8.1,0.0
2022-11-26,4226.0,32.0,4258.0,2.0,0.0,6.6,11.2,0.0
2022-11-27,4224.0,28.0,4252.0,3.3999999999999995,3.8,5.4,7.4,0.0
2022-11-28,4239.0,21.0,4260.0,1.1,0.0,2.7,4.3,0.0
2022-11-29,4278.0,34.0,4312.0,1.5,0.0,4.2,6.9,0.0
2022-11-30,4308.0,26.0,4334.0,-1.5,22.2,3.6,8.7,0.0
2022-12-01,4266.0,42.0,4308.0,-1.9,0.0,-0.1,1.6,0.0
2022-12-02,4288.0,54.0,4342.0,-1.4,3.0,4.0,9.4,0.0
2022-12-03,4302.0,40.0,4342.0,0.9,5.4,5.4,9.9,0.0
2022-12-04,4307.0,40.0,4347.0,-1.8,0.0,0.3,2.3,0.0
2022-12-05,4302.0,49.0,4351.0,0.8,0.0,4.2,7.6,0.0
2022-12-06,4334.0,54.0,4388.0,5.2,0.0,6.299999999999999,7.4,0.0
2022-12-07,4359.0,49.0,4408.0,5.799999999999999,0.0,7.1,8.5,0.0
2022-12-08,4384.0,44.0,4428.0,-0.8,0.0,2.8,6.299999999999999,0.0
2022-12-09,4385.0,56.0,4441.0,-1.6999999999999997,0.1,-0.2,1.2,0.0
2022-12-10,4395.0,49.0,4444.0,-4.4,0.0,-2.4,-0.4,0.0
2022-12-11,4398.0,46.0,4444.0,-1.8000000000000003,4.4,-1.1,-0.4,0.0
2022-12-12,4398.0,51.0,4449.0,-5.2,0.0,-3.2,-1.1,3.0
2022-12-13,4403.0,43.0,4446.0,-6.2,0.0,-2.6,1.0,3.0
2022-12-14,4424.0,38.0,4462.0,-5.2,0.0,-2.3,0.6,3.0
2022-12-15,4469.0,41.0,4510.0,-0.6,39.8,1.0,2.5,3.0
2022-12-16,4444.0,35.0,4479.0,0.2,9.1,2.6,5.0,2.0
2022-12-17,4444.0,33.0,4477.0,-1.0,0.0,0.3,1.7,0.0
2022-12-18,4441.0,35.0,4476.0,-1.6,0.0,-0.2,1.2,0.0
2022-12-19,4454.0,37.0,4491.0,-1.2,0.0,0.39999999999999997,1.9000000000000001,0.0
2022-12-20,4463.0,34.0,4497.0,-1.0,0.0,0.0,1.0,0.0
2022-12-21,4478.0,33.0,4511.0,-2.7,0.0,-0.7,1.3,0.0
2022-12-22,4517.0,99.0,4616.0,-0.5,13.4,2.2,4.8,0.0
2022-12-23,4577.0,70.0,4647.0,-13.6,20.6,-4.7,4.3,0.0
2022-12-24,4609.0,49.0,4658.0,-14.0,0.0,-11.1,-8.1,1.0
2022-12-25,4621.0,40.0,4661.0,-8.6,0.0,-6.2,-3.9,1.0
2022-12-26,4615.0,46.0,4661.0,-8.1,0.0,-6.2,-4.4,0.0
2022-12-27,4615.0,47.0,4662.0,-5.7,0.0,-2.8,0.0,0.0
2022-12-28,4577.0,35.0,4612.0,-0.19999999999999998,0.0,2.3,4.9,0.0
2022-12-29,4554.0,45.0,4599.0,4.0,0.0,6.9,9.8,0.0
2022-12-30,4587.0,26.0,4613.0,9.2,9.6,10.4,11.6,0.0
2022-12-31,4599.0,18.0,4617.0,4.1,22.5,7.4,10.7,0.0
2023-01-01,4596.0,17.0,4613.0,2.7,1.5,3.9,5.0,0.0
2023-01-02,4584.0,21.0,4605.0,3.5,0.0,4.6,5.6,0.0
2023-01-03,4587.0,32.0,4619.0,2.8,3.3,3.6,4.4,0.0
2023-01-04,4598.0,20.0,4618.0,2.5,21.1,3.5,4.4,0.0
2023-01-05,4596.0,23.0,4619.0,3.2,0.2,4.0,4.8,0.0
2023-01-06,4605.0,24.0,4629.0,2.9,0.0,4.0,5.1,0.0
2023-01-07,4608.0,23.0,4631.0,-4.1,0.0,-0.5,3.2,0.0
2023-01-08,4614.0,20.0,4634.0,-4.8,0.0,-3.1,-1.5,0.0
2023-01-09,4607.0,31.0,4638.0,-1.7,0.1,0.3,2.2,0.0
2023-01-10,4610.0,27.0,4637.0,-1.8,0.0,-0.1,1.7,0.0
2023-01-11,4631.0,21.0,4652.0,-4.8,0.1,-1.5,1.9,0.0
2023-01-12,4633.0,22.0,4655.0,-0.1,6.0,2.4,4.9,0.0
2023-01-13,4703.0,52.0,4755.0,-8.8,2.5,-4.5,-0.1,4.0
2023-01-14,4721.0,41.0,4762.0,-9.4,0.0,-6.3,-3.2,2.0
2023-01-15,4739.0,26.0,4765.0,-8.4,0.0,-4.7,-1.0,2.0
2023-01-16,4688.0,27.0,4715.0,-5.1,0.09999999999999999,-1.7,1.8,2.0
2023-01-17,4658.0,33.0,4691.0,1.7,4.0,3.5,5.3,0.0
2023-01-18,4667.0,30.0,4697.0,2.8,1.3,4.5,6.2,0.0
2023-01-19,4675.0,30.0,4705.0,1.5999999999999999,4.8,2.7,3.8000000000000003,0.0
2023-01-20,4675.0,36.0,4711.0,-0.7999999999999999,1.7,1.5,3.8000000000000003,0.0
2023-01-21,4676.0,32.0,4708.0,-1.0,0.0,0.09999999999999999,1.1,0.0
2023-01-22,4674.0,36.0,4710.0,-1.5999999999999999,2.8,0.19999999999999998,2.1,0.0
2023-01-23,4683.0,35.0,4718.0,-2.0,0.0,0.39999999999999997,2.7,3.0
2023-01-24,4690.0,34.0,4724.0,-0.7,0.0,1.2,3.1999999999999997,0.0
2023-01-25,4744.0,80.0,4824.0,-0.4,19.2,1.1,2.6,0.0
2023-01-26,4784.0,42.0,4826.0,-3.5,1.9,-0.5,2.5,8.0
2023-01-27,4782.0,34.0,4816.0,-1.4,0.1,-0.1,1.2,8.0
2023-01-28,4786.0,32.0,4818.0,-1.3,0.2,0.7,2.7,8.0
2023-01-29,4788.0,28.0,4816.0,-5.6,4.9,-2.2,1.3,8.0
2023-01-30,4792.0,31.0,4823.0,-7.1,0.0,-4.1,-1.1,9.0
2023-01-31,4793.0,31.0,4824.0,-9.7,0.0,-6.8,-3.8,8.0
2023-02-01,4802.0,34.0,4836.0,-10.6,0.0,-7.1,-3.7,8.0
2023-02-02,4819.0,35.0,4854.0,-9.3,0.0,-3.2,2.9,7.0
2023-02-03,4819.0,37.0,4856.0,-20.5,0.0,-14.9,-9.3,7.0
2023-02-04,4820.0,36.0,4856.0,-20.0,0.4,-10.1,-0.2,8.0
2023-02-05,4825.0,35.0,4860.0,-0.3,0.0,2.6,5.5,9.0
2023-02-06,4774.0,44.0,4818.0,-2.4,0.0,0.5,3.3,6.0
2023-02-07,4766.0,37.0,4803.0,-0.1,0.0,4.4,8.9,5.0
2023-02-08,4728.0,37.0,4765.0,2.3,0.0,5.0,7.7,1.0
2023-02-09,4711.0,33.0,4744.0,2.0,28.099999999999998,4.5,7.0,0.0
2023-02-10,4717.0,31.0,4748.0,-2.3,0.0,1.9,6.1,0.0
2023-02-11,4729.0,23.0,4752.0,-3.8,0.0,-0.8,2.1,0.0
2023-02-12,4725.0,26.0,4751.0,0.1,0.0,3.6,7.1,0.0
2023-02-13,4722.0,27.0,4749.0,-0.6,0.0,4.6,9.8,0.0
2023-02-14,4721.0,31.0,4752.0,-0.4,0.0,4.0,8.5,0.0
2023-02-15,4721.0,37.0,4758.0,6.2,0.2,10.7,15.3,0.0
2023-02-16,4768.0,85.0,4853.0,-0.2,4.7,3.2,6.6,0.0
2023-02-17,4833.0,64.0,4897.0,-7.9,5.7,-3.5,1.0,0.0
2023-02-18,4832.0,60.0,4892.0,-6.9,0.0,-2.0,2.8,0.0
2023-02-19,4823.0,67.0,4890.0,2.0,0.0,5.4,8.8,0.0
2023-02-20,4778.0,37.0,4815.0,-0.9,0.0,2.9,6.6000000000000005,0.0
2023-02-21,4795.0,33.0,4828.0,-1.0,0.19999999999999998,3.1,7.1000000000000005,0.0
2023-02-22,4846.0,65.0,4911.0,-6.7,17.7,-3.5,-0.3,0.0
2023-02-23,4878.0,32.0,4910.0,-7.1,1.0,-4.1,-1.0,12.0
2023-02-24,4880.0,35.0,4915.0,-9.5,0.0,-5.9,-2.2,11.0
2023-02-25,4884.0,30.0,4914.0,-8.2,0.9,-4.5,-0.9,11.0
2023-02-26,4882.0,32.0,4914.0,-3.1,0.0,0.6,4.2,11.0
2023-02-27,4888.0,31.0,4919.0,-5.4,7.2,-2.3,0.8,7.0
2023-02-28,4866.0,31.0,4897.0,-0.1,2.8,1.3,2.6,10.0
2023-03-01,4799.0,23.0,4822.0,-0.1,0.0,1.6,3.2,8.0
2023-03-02,4784.0,32.0,4816.0,-0.5,0.0,2.2,4.9,8.0
2023-03-03,4780.0,45.0,4825.0,-1.6,21.7,-0.3,1.1,6.0
2023-03-04,4775.0,32.0,4807.0,-0.9,11.1,2.5,5.8,21.0
2023-03-05,4772.0,28.0,4800.0,-0.09999999999999999,0.39999999999999997,3.3000000000000003,6.8,15.0
2023-03-06,4773.0,24.0,4797.0,-0.7999999999999999,0.0,1.3,3.4,12.0
2023-03-07,4784.0,20.0,4804.0,-1.9000000000000001,0.0,0.0,1.9000000000000001,11.0
2023-03-08,4764.0,38.0,4802.0,-2.3,0.0,0.3,3.0,10.0
2023-03-09,4784.0,21.0,4805.0,-2.5,0.0,1.1,4.6,9.0
2023-03-10,4786.0,64.0,4850.0,-2.3,9.0,-0.8,0.7,8.0
2023-03-11,4780.0,28.0,4808.0,-3.5,0.3,-1.5,0.6,17.0
2023-03-12,4781.0,29.0,4810.0,-3.4,2.5,-1.3,0.7,14.0
2023-03-13,4784.0,28.0,4812.0,-2.3,0.5,-0.09999999999999999,2.0,18.0
2023-03-14,4797.0,24.0,4821.0,-4.5,0.0,-2.9,-1.3,14.0
2023-03-15,4786.0,22.0,4808.0,-4.6,0.0,0.7,6.0,13.0
2023-03-16,4780.0,18.0,4798.0,1.2,1.8,5.6,10.0,9.0
2023-03-17,4773.0,16.0,4789.0,1.2,6.5,4.4,7.6000000000000005,5.0
2023-03-18,4765.0,21.0,4786.0,-5.8999999999999995,0.39999999999999997,-1.9000000000000001,2.2,1.0
2023-03-19,4759.0,21.0,4780.0,-6.7,0.0,-2.8,1.2,0.0
2023-03-20,4749.0,24.0,4773.0,-1.5,0.0,2.9,7.2,0.0
2023-03-21,4738.0,23.0,4761.0,4.2,0.0,7.0,9.8,0.0
2023-03-22,4724.0,30.0,4754.0,1.8,0.0,4.8,7.8999999999999995,0.0
2023-03-23,4723.0,25.0,4748.0,0.3,9.5,4.6,8.9,0.0
2023-03-24,4697.0,26.0,4723.0,0.09999999999999999,0.0,3.0,5.8999999999999995,0.0
2023-03-25,4696.0,23.0,4719.0,1.8,23.8,5.7,9.6,0.0
2023-03-26,4699.0,21.0,4720.0,2.8,0.0,6.8,10.8,0.0
2023-03-27,4693.0,22.0,4715.0,2.8,1.0,4.6,6.4,0.0
2023-03-28,4698.0,31.0,4729.0,2.1,0.0,4.7,7.2,0.0
2023-03-29,4703.0,71.0,4774.0,-3.5,2.1,3.0,9.6,0.0
2023-03-30,4737.0,42.0,4779.0,-4.2,0.0,-0.39999999999999997,3.4,0.0
2023-03-31,4728.0,43.0,4771.0,1.2,10.0,3.0,4.8,0.0
2023-04-01,4719.0,42.0,4761.0,-1.3,16.9,7.3999999999999995,16.1,0.0
2023-04-02,4700.0,57.0,4757.0,-3.6999999999999997,0.0,-0.39999999999999997,2.9,0.0
2023-04-03,4681.0,43.0,4724.0,2.3,0.0,8.2,14.099999999999998,0.0
2023-04-04,4690.0,38.0,4728.0,5.6,1.5,7.9,10.3,0.0
2023-04-05,4698.0,21.0,4719.0,3.1000000000000005,26.0,7.6,12.099999999999998,0.0
2023-04-06,4698.0,30.0,4728.0,5.8,0.0,9.3,12.9,0.0
2023-04-07,4703.0,30.0,4733.0,-0.6,0.0,3.5,7.7,0.0
2023-04-08,4704.0,27.0,4731.0,-1.6,0.0,2.3,6.1,0.0
2023-04-09,4706.0,26.0,4732.0,1.6,0.0,5.8,10.1,0.0
2023-04-10,4702.0,29.0,4731.0,3.9,0.0,10.9,17.8,0.0
2023-04-11,4704.0,24.0,4728.0,8.2,0.0,16.3,24.4,0.0
2023-04-12,4693.0,22.0,4715.0,13.0,0.0,20.2,27.4,0.0
2023-04-13,4683.0,27.0,4710.0,14.7,0.0,20.8,26.8,0.0
2023-04-14,4681.0,26.0,4707.0,14.0,0.0,20.5,27.0,0.0
2023-04-15,4664.0,29.0,4693.0,14.6,0.0,19.2,23.9,0.0
2023-04-16,4650.0,25.0,4675.0,9.2,6.0,16.1,23.0,0.0
2023-04-17,4646.0,33.0,4679.0,3.7,0.6,6.9,10.1,0.0
2023-04-18,4647.0,24.0,4671.0,2.3,0.0,4.3,6.299999999999999,0.0
2023-04-19,4638.0,29.0,4667.0,1.5,0.0,5.3,9.1,0.0
2023-04-20,4633.0,23.0,4656.0,3.8999999999999995,0.7,7.1,10.2,0.0
2023-04-21,4619.0,31.0,4650.0,7.2,2.2,14.1,20.9,0.0
2023-04-22,4622.0,27.0,4649.0,7.5,16.9,9.7,11.8,0.0
2023-04-23,4620.0,30.0,4650.0,5.7,0.0,7.3,8.9,0.0
2023-04-24,4620.0,33.0,4653.0,4.1,2.2,6.1,8.2,0.0
2023-04-25,4625.0,29.0,4654.0,3.8,0.0,7.4,11.0,0.0
2023-04-26,4630.0,25.0,4655.0,2.4,0.0,5.8,9.1,0.0
2023-04-27,4628.0,29.0,4657.0,3.7,0.0,8.1,12.4,0.0
2023-04-28,4632.0,24.0,4656.0,7.3,13.5,9.6,11.8,0.0
2023-04-29,4629.0,19.0,4648.0,6.1,6.8,8.2,10.3,0.0
2023-04-30,4624.0,17.0,4641.0,7.4,12.2,9.2,11.0,0.0
2023-05-01,4618.0,17.0,4635.0,6.0,1.3,8.4,10.7,0.0
2023-05-02,4616.0,16.0,4632.0,3.2,5.8,5.7,8.2,0.0
2023-05-03,4617.0,11.0,4628.0,3.3,5.1,6.7,10.0,0.0
2023-05-04,4618.0,10.0,4628.0,7.2,0.0,10.2,13.2,0.0
2023-05-05,4613.0,14.0,4627.0,8.5,0.1,11.5,14.5,0.0
2023-05-06,4613.0,9.0,4622.0,7.2,0.0,12.9,18.6,0.0
2023-05-07,4625.0,14.0,4639.0,10.5,11.1,13.6,16.7,0.0
2023-05-08,4629.0,13.0,4642.0,8.6,0.0,14.4,20.2,0.0
2023-05-09,4620.0,21.0,4641.0,9.6,0.0,12.6,15.6,0.0
2023-05-10,4609.0,24.0,4633.0,7.2,0.0,13.6,19.9,0.0
2023-05-11,4611.0,20.0,4631.0,11.5,0.0,19.1,26.7,0.0
2023-05-12,4594.0,30.0,4624.0,15.0,0.0,21.2,27.5,0.0
2023-05-13,4595.0,26.0,4621.0,13.6,0.0,18.4,23.1,0.0
2023-05-14,4594.0,30.0,4624.0,10.5,0.0,13.2,15.9,0.0
2023-05-15,4601.0,28.0,4629.0,9.2,0.0,16.5,23.9,0.0
2023-05-16,4609.0,23.0,4632.0,6.6,0.0,15.8,25.0,0.0
2023-05-17,4602.0,28.0,4630.0,2.8,0.0,6.5,10.2,0.0
2023-05-18,4612.0,23.0,4635.0,4.0,0.0,9.0,13.9,0.0
2023-05-19,4623.0,24.0,4647.0,8.4,9.0,14.9,21.5,0.0
2023-05-20,4627.0,26.0,4653.0,11.9,15.5,14.6,17.4,0.0
2023-05-21,4624.0,23.0,4647.0,10.7,0.0,17.5,24.3,0.0
2023-05-22,4625.0,24.0,4649.0,11.4,0.0,13.9,16.3,0.0
2023-05-23,4615.0,31.0,4646.0,10.0,0.0,14.8,19.5,0.0
2023-05-24,4612.0,25.0,4637.0,6.8,0.0,11.9,17.0,0.0
2023-05-25,4613.0,27.0,4640.0,5.2,0.0,10.3,15.4,0.0
2023-05-26,4622.0,21.0,4643.0,7.4,0.0,13.7,19.9,0.0
2023-05-27,4621.0,21.0,4642.0,12.4,0.0,17.8,23.2,0.0
2023-05-28,4617.0,22.0,4639.0,12.7,0.0,19.3,25.9,0.0
2023-05-29,4609.0,23.0,4632.0,17.3,0.0,20.7,24.2,0.0
2023-05-30,4610.0,28.0,4638.0,15.1,0.0,20.9,26.7,0.0
2023-05-31,4604.0,24.0,4628.0,16.9,0.0,23.5,30.2,0.0
2023-06-01,4615.0,31.0,4646.0,19.0,0.0,24.7,30.4,0.0
2023-06-02,4609.0,32.0,4641.0,19.6,9.4,26.2,32.8,0.0
2023-06-03,4605.0,30.0,4635.0,15.8,0.0,19.6,23.4,0.0
2023-06-04,4611.0,26.0,4637.0,13.1,0.0,16.7,20.3,0.0
2023-06-05,4610.0,32.0,4642.0,14.2,0.0,18.3,22.4,0.0
2023-06-06,4610.0,44.0,4654.0,15.0,0.0,19.3,23.7,0.0
2023-06-07,4626.0,33.0,4659.0,12.7,0.0,17.2,21.8,0.0
2023-06-08,4633.0,33.0,4666.0,13.3,0.0,15.9,18.5,0.0
2023-06-09,4639.0,34.0,4673.0,12.1,2.4,16.6,21.1,0.0
2023-06-10,4645.0,17.0,4662.0,14.1,0.0,20.0,25.9,0.0
2023-06-11,4652.0,13.0,4665.0,15.6,7.0,19.1,22.6,0.0
2023-06-12,4646.0,23.0,4669.0,12.7,50.1,15.8,18.8,0.0
2023-06-13,4650.0,20.0,4670.0,11.7,3.3,15.7,19.8,0.0
2023-06-14,4648.0,17.0,4665.0,12.5,1.3,15.9,19.3,0.0
2023-06-15,4650.0,17.0,4667.0,11.8,2.7,16.0,20.1,0.0
2023-06-16,4651.0,17.0,4668.0,14.6,0.0,18.7,22.9,0.0
2023-06-17,4653.0,10.0,4663.0,13.8,0.0,19.6,25.4,0.0
2023-06-18,4647.0,17.0,4664.0,14.8,0.0,19.8,24.8,0.0
2023-06-19,4656.0,14.0,4670.0,16.1,0.0,20.3,24.4,0.0
2023-06-20,4654.0,19.0,4673.0,18.7,0.0,21.5,24.3,0.0
2023-06-21,4659.0,18.0,4677.0,18.9,0.0,22.5,26.2,0.0
2023-06-22,4666.0,11.0,4677.0,18.3,0.0,21.3,24.3,0.0
2023-06-23,4665.0,18.0,4683.0,19.3,4.6,21.3,23.3,0.0
2023-06-24,4666.0,12.0,4678.0,20.0,0.1,24.0,28.0,0.0
2023-06-25,4664.0,17.0,4681.0,19.7,8.8,23.9,28.2,0.0
2023-06-26,4662.0,20.0,4682.0,19.5,7.5,21.7,24.0,0.0
2023-06-27,4650.0,23.0,4673.0,16.3,5.8,19.6,23.0,0.0
2023-06-28,4653.0,20.0,4673.0,15.4,0.0,19.5,23.6,0.0
2023-06-29,4657.0,26.0,4683.0,13.7,0.0,19.9,26.0,0.0
2023-06-30,4654.0,28.0,4682.0,18.7,0.2,21.8,25.0,0.0
2023-07-01,4653.0,25.0,4678.0,19.4,0.4,24.0,28.7,0.0
2023-07-02,4653.0,25.0,4678.0,20.5,0.9,22.2,23.8,0.0
2023-07-03,4643.0,29.0,4672.0,19.6,2.2,22.4,25.1,0.0
2023-07-04,4643.0,26.0,4669.0,19.1,0.0,25.5,32.0,0.0
2023-07-05,4641.0,19.0,4660.0,22.4,0.0,26.9,31.3,0.0
2023-07-06,4645.0,13.0,4658.0,22.2,1.1,26.1,30.0,0.0
2023-07-07,4640.0,13.0,4653.0,18.1,0.0,23.2,28.3,0.0
2023-07-08,4637.0,13.0,4650.0,15.7,0.2,20.3,25.0,0.0
2023-07-09,4639.0,7.0,4646.0,16.9,0.0,21.4,25.9,0.0
2023-07-10,4635.0,16.0,4651.0,16.5,0.0,22.6,28.7,0.0
2023-07-11,4644.0,23.0,4667.0,18.6,1.8,24.4,30.3,0.0
2023-07-12,4642.0,19.0,4661.0,15.1,0.0,20.2,25.3,0.0
2023-07-13,4647.0,14.0,4661.0,16.9,34.1,20.9,25.0,0.0
2023-07-14,4652.0,18.0,4670.0,15.3,0.0,20.7,26.1,0.0
2023-07-15,4649.0,18.0,4667.0,19.8,8.8,22.1,24.4,0.0
2023-07-16,4645.0,20.0,4665.0,19.9,1.1,23.6,27.2,0.0
2023-07-17,4666.0,15.0,4681.0,19.2,0.0,23.199999999999996,27.1,0.0
2023-07-18,4688.0,12.0,4700.0,18.0,0.4,22.0,26.1,0.0
2023-07-19,4689.0,17.0,4706.0,16.6,0.0,20.8,25.1,0.0
2023-07-20,4699.0,12.0,4711.0,18.9,2.8999999999999995,22.9,26.800000000000004,0.0
2023-07-21,4696.0,13.0,4709.0,18.8,0.0,22.5,26.300000000000004,0.0
2023-07-22,4700.0,9.0,4709.0,17.2,0.0,23.1,29.0,0.0
2023-07-23,4698.0,11.0,4709.0,17.5,1.2,22.4,27.300000000000004,0.0
2023-07-24,4707.0,19.0,4726.0,18.4,7.299999999999999,22.4,26.4,0.0
2023-07-25,4701.0,25.0,4726.0,18.7,2.5,22.6,26.5,0.0
2023-07-26,4705.0,20.0,4725.0,20.6,6.200000000000001,24.699999999999996,28.800000000000004,0.0
2023-07-27,4705.0,15.0,4720.0,20.8,14.3,25.4,30.0,0.0
2023-07-28,4717.0,14.0,4731.0,20.4,0.0,25.199999999999996,30.0,0.0
2023-07-29,4716.0,12.0,4728.0,16.6,12.8,20.9,25.199999999999996,0.0
2023-07-30,4705.0,18.0,4723.0,14.8,0.0,19.5,24.300000000000004,0.0
2023-07-31,4708.0,19.0,4727.0,15.900000000000002,0.0,20.6,25.199999999999996,0.0
2023-08-01,4718.0,17.0,4735.0,15.400000000000002,0.0,19.7,24.0,0.0
2023-08-02,4707.0,19.0,4726.0,16.3,0.1,20.3,24.4,0.0
2023-08-03,4718.0,22.0,4740.0,18.5,5.8,23.5,28.5,0.0
2023-08-04,4728.0,17.0,4745.0,17.8,0.0,22.6,27.5,0.0
2023-08-05,4725.0,16.0,4741.0,18.4,0.0,21.3,24.2,0.0
2023-08-06,4729.0,15.0,4744.0,16.1,3.8,20.1,24.2,0.0
2023-08-07,4722.0,19.0,4741.0,19.2,5.9,22.2,25.2,0.0
2023-08-08,4716.0,26.0,4742.0,17.5,0.0,21.4,25.3,0.0
2023-08-09,4736.0,20.0,4756.0,16.6,0.0,22.8,28.9,0.0
2023-08-10,4733.0,18.0,4751.0,19.4,0.0,22.6,25.9,0.0
2023-08-11,4744.0,23.0,4767.0,16.0,0.0,20.7,25.3,0.0
2023-08-12,4743.0,24.0,4767.0,19.8,1.7,24.6,29.5,0.0
2023-08-13,4747.0,20.0,4767.0,17.5,0.0,21.7,26.0,0.0
2023-08-14,4750.0,17.0,4767.0,16.0,0.0,20.0,23.9,0.0
2023-08-15,4767.0,11.0,4778.0,18.6,2.8,20.9,23.2,0.0
2023-08-16,4772.0,12.0,4784.0,18.1,0.0,22.4,26.7,0.0
2023-08-17,4782.0,8.0,4790.0,17.8,6.1000000000000005,21.8,25.900000000000002,0.0
2023-08-18,4783.0,7.0,4790.0,14.799999999999999,0.0,17.8,20.8,0.0
2023-08-19,4780.0,7.0,4787.0,13.1,0.0,19.7,26.2,0.0
2023-08-20,4778.0,6.0,4784.0,15.9,0.0,21.9,27.900000000000002,0.0
2023-08-21,4783.0,6.0,4789.0,17.5,0.0,21.5,25.599999999999998,0.0
2023-08-22,4779.0,10.0,4789.0,15.299999999999999,0.0,19.9,24.400000000000002,0.0
2023-08-23,4779.0,15.0,4794.0,15.9,2.4,18.3,20.8,0.0
2023-08-24,4783.0,11.0,4794.0,18.8,14.299999999999999,20.5,22.2,0.0
2023-08-25,4785.0,12.0,4797.0,19.4,0.0,22.2,24.900000000000002,0.0
2023-08-26,4785.0,13.0,4798.0,15.799999999999999,0.6,20.0,24.2,0.0
2023-08-27,4784.0,12.0,4796.0,13.299999999999999,0.0,17.8,22.3,0.0
2023-08-28,4776.0,12.0,4788.0,15.0,0.0,19.0,22.9,0.0
2023-08-29,4783.0,12.0,4795.0,14.6,2.4,19.6,24.599999999999998,0.0
2023-08-30,4811.0,16.0,4827.0,12.700000000000001,0.0,17.0,21.2,0.0
2023-08-31,4828.0,10.0,4838.0,11.6,0.0,16.8,22.1,0.0
2023-09-01,4819.0,11.0,4830.0,13.5,0.0,18.8,24.099999999999998,0.0
2023-09-02,4822.0,7.0,4829.0,15.799999999999999,0.0,21.2,26.7,0.0
2023-09-03,4817.0,10.0,4827.0,17.8,0.0,23.2,28.599999999999998,0.0
2023-09-04,4809.0,12.0,4821.0,20.8,0.0,26.900000000000002,32.9,0.0
2023-09-05,4811.0,18.0,4829.0,21.3,0.0,26.400000000000002,31.400000000000002,0.0
2023-09-06,4823.0,20.0,4843.0,22.1,0.0,26.7,31.400000000000002,0.0
2023-09-07,4823.0,20.0,4843.0,18.1,5.4,22.9,27.8,0.0
2023-09-08,4835.0,14.0,4849.0,15.9,0.0,18.4,20.9,0.0
2023-09-09,4831.0,15.0,4846.0,16.5,0.0,18.7,20.8,0.0
2023-09-10,4832.0,16.0,4848.0,17.9,0.0,20.7,23.6,0.0
2023-09-11,4830.0,12.0,4842.0,16.7,0.0,20.5,24.3,0.0
2023-09-12,4825.0,24.0,4849.0,15.4,4.5,19.6,23.9,0.0
2023-09-13,4864.0,24.0,4888.0,12.4,0.0,15.9,19.4,0.0
2023-09-14,4884.0,24.0,4908.0,10.7,0.0,15.6,20.5,0.0
2023-09-15,4902.0,19.0,4921.0,11.1,0.0,16.1,21.0,0.0
2023-09-16,4896.0,22.0,4918.0,11.9,0.0,17.7,23.4,0.0
2023-09-17,4895.0,19.0,4914.0,15.0,0.9000000000000001,19.2,23.3,0.0
2023-09-18,4913.0,19.0,4932.0,13.4,0.0,18.0,22.6,0.0
2023-09-19,4913.0,25.0,4938.0,11.1,0.0,16.3,21.6,0.0
2023-09-20,4920.0,28.0,4948.0,9.5,0.0,14.5,19.5,0.0
2023-09-21,4951.0,28.0,4979.0,14.0,0.0,18.1,22.2,0.0
2023-09-22,4965.0,18.0,4983.0,14.6,0.0,18.4,22.1,0.0
2023-09-23,4962.0,18.0,4980.0,14.2,0.0,17.7,21.1,0.0
2023-09-24,4959.0,21.0,4980.0,14.2,0.0,17.8,21.4,0.0
2023-09-25,4968.0,25.0,4993.0,16.1,0.0,19.8,23.5,0.0
2023-09-26,4978.0,24.0,5002.0,16.4,0.0,18.3,20.2,0.0
2023-09-27,4992.0,26.0,5018.0,15.0,0.0,17.5,19.9,0.0
2023-09-28,4992.0,23.0,5015.0,15.1,0.9,17.0,18.8,0.0
2023-09-29,4998.0,20.0,5018.0,14.5,0.2,17.6,20.8,0.0
2023-09-30,4991.0,24.0,5015.0,15.0,0.0,19.1,23.3,0.0
2023-10-01,4983.0,24.0,5007.0,14.9,0.0,19.9,24.8,0.0
2023-10-02,4980.0,34.0,5014.0,16.9,0.0,21.1,25.199999999999996,0.0
2023-10-03,4981.0,27.0,5008.0,17.1,0.0,22.7,28.300000000000004,0.0
2023-10-04,4992.0,29.0,5021.0,17.9,0.0,22.6,27.199999999999996,0.0
2023-10-05,4991.0,28.0,5019.0,17.4,12.3,21.0,24.5,0.0
2023-10-06,4996.0,31.0,5027.0,13.099999999999998,6.1,17.7,22.3,0.0
2023-10-07,4988.0,33.0,5021.0,9.3,0.0,12.5,15.599999999999998,0.0
2023-10-08,4992.0,29.0,5021.0,7.4,1.5,9.5,11.5,0.0
2023-10-09,4995.0,31.0,5026.0,7.299999999999999,0.0,9.3,11.4,0.0
2023-10-10,4997.0,33.0,5030.0,7.700000000000001,2.8,10.3,12.8,0.0
2023-10-11,5005.0,33.0,5038.0,7.5,0.0,11.0,14.400000000000002,0.0
2023-10-12,5003.0,36.0,5039.0,7.200000000000001,0.0,11.7,16.1,0.0
2023-10-13,5008.0,31.0,5039.0,6.700000000000001,0.0,10.6,14.5,0.0
2023-10-14,5005.0,28.0,5033.0,9.9,0.0,11.5,13.099999999999998,0.0
2023-10-15,5001.0,31.0,5032.0,8.0,0.0,9.6,11.3,0.0
2023-10-16,5009.0,27.0,5036.0,8.2,0.0,10.5,12.900000000000002,0.0
2023-10-17,5016.0,22.0,5038.0,7.200000000000001,0.0,11.5,15.8,0.0
2023-10-18,5006.0,28.0,5034.0,9.4,0.0,11.8,14.3,0.0
2023-10-19,5008.0,26.0,5034.0,10.7,0.2,13.400000000000002,16.1,0.0
2023-10-20,5006.0,31.0,5037.0,10.1,5.7,12.5,15.0,0.0
2023-10-21,5000.0,27.0,5027.0,6.299999999999999,0.0,9.4,12.400000000000002,0.0
2023-10-22,5002.0,27.0,5029.0,3.5,0.0,7.299999999999999,11.2,0.0
2023-10-23,5005.0,23.0,5028.0,2.0,0.0,7.1,12.2,0.0
2023-10-24,4998.0,24.0,5022.0,9.3,0.0,13.8,18.3,0.0
2023-10-25,5004.0,25.0,5029.0,14.599999999999998,1.1,17.2,19.8,0.0
2023-10-26,5002.0,30.0,5032.0,14.3,8.0,16.2,18.1,0.0
2023-10-27,5009.0,31.0,5040.0,16.3,0.0,19.1,21.9,0.0
2023-10-28,5007.0,28.0,5035.0,7.5,0.0,12.7,18.0,0.0
2023-10-29,5005.0,27.0,5032.0,3.8,1.9,5.8,7.799999999999999,0.0
2023-10-30,5001.0,28.0,5029.0,1.0,2.2,4.4,7.9,0.0
2023-10-31,4996.0,24.0,5020.0,0.4,0.0,3.5,6.6,0.0
2023-11-01,4981.0,27.0,5008.0,0.1,0.0,2.8,5.5,0.0
2023-11-02,4982.0,28.0,5010.0,2.9,0.0,6.0,9.1,0.0
2023-11-03,4989.0,31.0,5020.0,8.2,0.0,11.1,14.0,0.0
2023-11-04,5004.0,22.0,5026.0,7.7,2.0,9.8,11.9,0.0
2023-11-05,5014.0,22.0,5036.0,4.1,0.0,7.2,10.3,0.0
2023-11-06,5004.0,30.0,5034.0,8.4,4.7,10.3,12.2,3.0
2023-11-07,5009.0,28.0,5037.0,8.4,4.7,10.3,12.2,0.0
2023-11-08,5009.0,29.0,5038.0,-1.2,15.3,1.6999999999999997,4.6,0.0
2023-11-09,5018.0,24.0,5042.0,4.4,1.1,7.700000000000001,11.0,0.0
2023-11-10,5031.0,22.0,5053.0,3.3999999999999995,0.0,7.5,11.5,0.0
2023-11-11,5034.0,23.0,5057.0,1.8000000000000003,0.0,3.2,4.6,0.0
2023-11-12,5037.0,23.0,5060.0,0.0,0.0,2.5,4.9,0.0
2023-11-13,5040.0,21.0,5061.0,3.8999999999999995,0.0,9.0,14.0,0.0
2023-11-14,5041.0,18.0,5059.0,4.9,0.0,7.1,9.4,0.0
2023-11-15,5081.0,29.0,5110.0,3.4,0.0,8.5,13.6,0.0
2023-11-16,5106.0,22.0,5128.0,4.6,0.0,8.5,12.299999999999999,0.0
2023-11-17,5140.0,19.0,5159.0,2.9,0.5,7.8999999999999995,12.9,0.0
2023-11-18,5163.0,17.0,5180.0,0.5,0.0,4.5,8.5,0.0
2023-11-19,5185.0,20.0,5205.0,-0.6,0.0,3.1999999999999997,7.1000000000000005,0.0
2023-11-20,5265.0,32.0,5297.0,-3.1,0.0,-0.2,2.8,0.0
2023-11-21,5250.0,53.0,5303.0,2.0,16.6,4.2,6.3,0.0
2023-11-22,5251.0,16.0,5267.0,3.0,2.8,5.1,7.1,1.0
2023-11-23,5244.0,23.0,5267.0,0.8,0.0,4.1,7.3,0.0
2023-11-24,5251.0,17.0,5268.0,-2.3,0.0,-0.3,1.6,0.0
2023-11-25,5248.0,22.0,5270.0,-2.0,0.0,0.9,3.8,0.0
2023-11-26,5246.0,23.0,5269.0,1.6,9.1,4.2,6.8,0.0
2023-11-27,5239.0,27.0,5266.0,-3.0,0.0,0.8,4.7,0.0
2023-11-28,5336.0,37.0,5373.0,-3.8999999999999995,0.0,-1.9,0.2,0.0
2023-11-29,5360.0,33.0,5393.0,-3.6000000000000005,0.0,-1.3,1.0,0.0
2023-11-30,5348.0,37.0,5385.0,0.0,0.0,5.1,10.2,0.0
2023-12-01,5322.0,45.0,5367.0,1.2,9.0,5.5,9.8,0.0
2023-12-02,5324.0,42.0,5366.0,2.3,2.8,3.2,4.1,0.0
2023-12-03,5318.0,43.0,5361.0,1.6,2.1,2.6,3.5,0.0
2023-12-04,5293.0,46.0,5339.0,1.2,0.0,2.8,4.4,0.0
2023-12-05,5359.0,58.0,5417.0,0.3,0.1,1.7,3.1,0.0
2023-12-06,5353.0,31.0,5384.0,-1.8,0.0,-0.2,1.4,0.0
2023-12-07,5336.0,40.0,5376.0,0.3,3.9,3.0,5.7,1.0
2023-12-08,5321.0,37.0,5358.0,4.0,0.0,5.9,7.9,0.0
2023-12-09,5312.0,48.0,5360.0,7.6,9.1,10.3,13.0,0.0
2023-12-10,5307.0,53.0,5360.0,2.8,0.7,6.8,10.9,0.0
2023-12-11,5302.0,43.0,5345.0,0.7,0.0,1.8,3.0,0.0
2023-12-12,5290.0,44.0,5334.0,-0.2,0.0,2.7,5.7,0.0
2023-12-13,5289.0,40.0,5329.0,-1.4,0.0,1.1,3.6,0.0
2023-12-14,5273.0,58.0,5331.0,-1.8,0.0,1.9,5.5,0.0
2023-12-15,5264.0,56.0,5320.0,3.7,0.0,8.5,13.2,0.0
2023-12-16,5251.0,66.0,5317.0,4.7,0.2,5.8,7.0,0.0
2023-12-17,5246.0,56.0,5302.0,5.9,12.0,7.2,8.4,0.0
2023-12-18,5255.0,51.0,5306.0,-1.7,1.8,2.7,7.1,0.0
2023-12-19,5246.0,60.0,5306.0,-3.6999999999999997,0.3,-2.0,-0.19999999999999998,0.0
2023-12-20,5246.0,62.0,5308.0,-1.0,0.0,1.7,4.4,0.0
2023-12-21,5283.0,61.0,5344.0,-3.6,0.0,-0.3,3.1,0.0
2023-12-22,5328.0,21.0,5349.0,-4.4,0.0,-1.6,1.2,0.0
2023-12-23,5365.0,34.0,5399.0,0.8,7.5,2.8,4.8,0.0
2023-12-24,5400.0,23.0,5423.0,3.6,0.0,4.5,5.3,0.0
2023-12-25,5433.0,38.0,5471.0,3.5,0.0,5.3,7.0,0.0
2023-12-26,5450.0,26.0,5476.0,5.6,0.9,6.7,7.8,1.0
2023-12-27,5459.0,24.0,5483.0,7.2,16.4,7.8,8.4,0.0
2023-12-28,5477.0,21.0,5498.0,6.1,3.3,7.0,7.9,0.0
2023-12-29,5485.0,26.0,5511.0,2.6,4.5,4.9,7.1,0.0
2023-12-30,5484.0,23.0,5507.0,-0.3,0.0,1.2,2.7,0.0
2023-12-31,5529.0,128.0,5657.0,-1.0,2.3,0.3,1.6,0.0
2024-01-01,5601.0,55.0,5656.0,-3.1,0.1,-1.9,-0.7,2.0
2024-01-02,5626.0,41.0,5667.0,-1.5,0.0,0.0,1.5,0.0
2024-01-03,5630.0,34.0,5664.0,0.6,0.0,1.9,3.1,0.0
2024-01-04,5639.0,24.0,5663.0,-6.0,0.0,-2.1,1.8,0.0
2024-01-05,5631.0,28.0,5659.0,-2.1,0.0,-0.9,0.4,0.0
2024-01-06,5610.0,42.0,5652.0,-3.5,5.0,-0.7,2.1,0.0
2024-01-07,5586.0,27.0,5613.0,-4.2,0.1,-1.6999999999999997,0.7,5.0
2024-01-08,5573.0,32.0,5605.0,0.6,0.0,2.2,3.7,4.0
2024-01-09,5622.0,54.0,5676.0,0.6,31.2,3.8,7.0,1.0
2024-01-10,5648.0,26.0,5674.0,0.7,0.0,3.7,6.7,0.0
2024-01-11,5667.0,23.0,5690.0,0.6,3.3,1.7,2.8,0.0
2024-01-12,5674.0,21.0,5695.0,-0.1,11.8,1.9,3.9,0.0
2024-01-13,5678.0,17.0,5695.0,-2.9,3.3,1.9,6.8,1.0
2024-01-14,5699.0,30.0,5729.0,-11.2,0.1,-6.8,-2.5,0.0
2024-01-15,5695.0,36.0,5731.0,-12.5,0.0,-9.8,-7.1,1.0
2024-01-16,5710.0,34.0,5744.0,-10.9,0.9,-8.6,-6.3,1.0
2024-01-17,5716.0,33.0,5749.0,-14.2,0.0,-10.8,-7.4,1.0
2024-01-18,5728.0,28.0,5756.0,-7.6,0.0,-5.2,-2.8,2.0
2024-01-19,5736.0,32.0,5768.0,-13.8,0.0,-9.4,-4.9,1.0
2024-01-20,5741.0,25.0,5766.0,-14.1,0.0,-10.5,-7.0,2.0
2024-01-21,5734.0,28.0,5762.0,-10.7,0.0,-6.0,-1.4,2.0
2024-01-22,5732.0,25.0,5757.0,-5.8,0.7,-3.0,-0.2,2.0
2024-01-23,5724.0,27.0,5751.0,-0.3,8.1,1.1,2.4,2.0
2024-01-24,5722.0,26.0,5748.0,0.9,7.2,1.9,3.0,2.0
2024-01-25,5715.0,31.0,5746.0,2.0,0.0,3.0,4.1,0.0
2024-01-26,5693.0,29.0,5722.0,2.1,17.6,4.1,6.1,0.0
2024-01-27,5690.0,33.0,5723.0,1.6,0.0,2.8,4.0,0.0
2024-01-28,5688.0,26.0,5714.0,1.6999999999999997,0.2,2.7,3.7,0.0
2024-01-29,5674.0,24.0,5698.0,0.1,0.0,1.8000000000000003,3.6000000000000005,0.0
2024-01-30,5671.0,22.0,5693.0,0.7,0.0,2.0,3.2,0.0
2024-01-31,5660.0,23.0,5683.0,2.4,0.0,4.0,5.6,0.0
2024-02-01,5653.0,34.0,5687.0,3.0,0.0,4.1,5.2,0.0
2024-02-02,5692.0,73.0,5765.0,-1.4,0.0,1.7,4.8,0.0
2024-02-03,5714.0,48.0,5762.0,-2.7,0.0,0.2,3.0,0.0
2024-02-04,5742.0,29.0,5771.0,-4.0,0.0,0.5,5.1,0.0
2024-02-05,5743.0,27.0,5770.0,-0.5,0.0,1.3,3.1,0.0
2024-02-06,5717.0,22.0,5739.0,-1.2,0.0,1.4,4.0,0.0
2024-02-07,5700.0,18.0,5718.0,0.7,0.0,2.5,4.3,0.0
2024-02-08,5689.0,20.0,5709.0,1.3,0.0,5.0,8.6,0.0
2024-02-09,5678.0,25.0,5703.0,6.5,0.8,11.0,15.400000000000002,0.0
2024-02-10,5666.0,41.0,5707.0,3.8,0.0,7.6,11.4,0.0
2024-02-11,5670.0,26.0,5696.0,1.9,0.0,2.8999999999999995,3.8999999999999995,0.0
2024-02-12,5660.0,34.0,5694.0,-0.3,0.0,1.8000000000000003,3.8999999999999995,0.0
2024-02-13,5742.0,36.0,5778.0,-5.3,0.1,-0.2,4.9,0.0
2024-02-14,5760.0,14.0,5774.0,-6.9,0.0,-3.4,0.2,0.0
2024-02-15,5767.0,10.0,5777.0,-3.7,6.4,-1.2,1.2,0.0
2024-02-16,5762.0,13.0,5775.0,-3.5,0.0,-1.4,0.6,8.0
2024-02-17,5764.0,14.0,5778.0,-6.9,0.1,-4.7,-2.4,5.0
2024-02-18,5769.0,10.0,5779.0,-5.6,0.1,-2.4,0.9,4.0
2024-02-19,5761.0,12.0,5773.0,-9.0,0.0,-5.1,-1.1,3.0
2024-02-20,5750.0,9.0,5759.0,-4.5,0.0,-0.4,3.7,3.0
2024-02-21,5746.0,9.0,5755.0,0.9,0.0,5.3,9.7,0.0
2024-02-22,5731.0,14.0,5745.0,4.5,0.0,7.6,10.7,0.0
2024-02-23,5716.0,11.0,5727.0,-7.2,0.0,1.9,11.0,0.0
2024-02-24,5715.0,9.0,5724.0,-11.9,0.0,-7.8,-3.8,0.0
2024-02-25,5704.0,15.0,5719.0,-4.4,0.0,0.8,5.9,0.0
2024-02-26,5694.0,10.0,5704.0,1.6,0.0,5.2,8.9,0.0
2024-02-27,5683.0,10.0,5693.0,3.4,17.9,8.2,13.0,0.0
2024-02-28,5680.0,10.0,5690.0,-4.6,7.3,5.3,15.2,0.0
2024-02-29,5664.0,14.0,5678.0,-5.9,0.0,-3.5,-1.1,0.0
2024-03-01,5599.0,34.0,5633.0,-2.9,0.0,2.8,8.5,0.0
2024-03-02,5583.0,25.0,5608.0,5.3,0.3,6.1,7.0,0.0
2024-03-03,5570.0,25.0,5595.0,5.3,0.0,6.4,7.6,0.0
2024-03-04,5552.0,25.0,5577.0,5.1,0.0,9.6,14.2,0.0
2024-03-05,5526.0,22.0,5548.0,7.8,1.2,12.0,16.2,0.0
2024-03-06,5487.0,23.0,5510.0,4.1,0.09999999999999999,6.6000000000000005,9.1,0.0
2024-03-07,5469.0,35.0,5504.0,2.6,0.0,6.3999999999999995,10.2,0.0
2024-03-08,5445.0,27.0,5472.0,3.8000000000000003,0.7,6.1000000000000005,8.4,0.0
2024-03-09,5418.0,31.0,5449.0,4.4,13.799999999999999,6.5,8.6,0.0
2024-03-10,5421.0,28.0,5449.0,-1.2,0.09999999999999999,1.7,4.7,0.0
2024-03-11,5392.0,40.0,5432.0,-0.8,0.0,3.8,8.4,0.0
2024-03-12,5384.0,29.0,5413.0,2.6,0.0,8.3,14.0,0.0
2024-03-13,5369.0,33.0,5402.0,5.9,0.0,13.5,21.1,0.0
2024-03-14,5382.0,33.0,5415.0,6.4,17.1,8.5,10.6,0.0
2024-03-15,5394.0,41.0,5435.0,2.2,0.0,7.0,11.8,0.0
2024-03-16,5399.0,42.0,5441.0,1.3,1.8000000000000003,5.2,9.2,0.0
2024-03-17,5405.0,39.0,5444.0,-0.2,0.0,3.6000000000000005,7.299999999999999,0.0
2024-03-18,5404.0,29.0,5433.0,-1.3,0.2,0.9,3.1,0.0
2024-03-19,5406.0,25.0,5431.0,-0.9,2.0,0.6,2.1,0.0
2024-03-20,5474.0,53.0,5527.0,-4.3,0.9,-0.9,2.5,0.0
2024-03-21,5521.0,13.0,5534.0,-5.6,0.0,-2.8,0.1,0.0
2024-03-22,5522.0,14.0,5536.0,-5.6,9.9,-3.9,-2.2,0.0
2024-03-23,5527.0,9.0,5536.0,-6.6,0.1,-1.9,2.9,10.0
2024-03-24,5518.0,8.0,5526.0,-5.4,0.0,-2.4,0.5,2.0
2024-03-25,5491.0,13.0,5504.0,0.2,0.0,4.0,7.700000000000001,0.0
2024-03-26,5468.0,17.0,5485.0,6.200000000000001,4.7,7.6,9.0,0.0
2024-03-27,5457.0,10.0,5467.0,3.6,0.4,7.2,10.7,0.0
2024-03-28,5443.0,13.0,5456.0,1.7,0.0,5.3,8.8,0.0
2024-03-29,5449.0,12.0,5461.0,0.5,0.0,4.4,8.3,0.0
2024-03-30,5441.0,12.0,5453.0,-0.9,0.0,3.3,7.5,0.0
2024-03-31,5437.0,16.0,5453.0,2.0,0.0,5.3,8.6,0.0
